{"f1": {"voice_gender": {"mean": 0.8251975360854432, "std": 0.054051955050529656}, "voice_exagg": {"mean": 0.7440279511640294, "std": 0.0449751730766461}, "voice_type": {"mean": 0.7725724653057479, "std": 0.05447954226417179}, "voice_age": {"mean": 0.8019380210681074, "std": 0.042846598007332176}, "target": {"mean": 0.9551276015336984, "std": 0.03262202704412957}}, "r2": {"Electric/Acoustic": {"mean": 0.26070528359302975, "std": 0.13106538685041724}, "Distorted/Clear": {"mean": 0.437221002279338, "std": 0.06556281593612436}, "Many/Few Instruments": {"mean": 0.11304911638205727, "std": 0.13055530708309337}, "Loud/Soft": {"mean": 0.38423812877630525, "std": 0.10640266541327838}, "Heavy/Light": {"mean": 0.6046444024883332, "std": 0.08248867800919867}, "High/Low pitch": {"mean": 0.4042400360946533, "std": 0.1102392316084161}, "Punchy/Smooth": {"mean": 0.4283833611854361, "std": 0.10498823550203748}, "Harmonious/Disharmonious": {"mean": 0.33993055577230735, "std": 0.1355327702170439}, "Clear melody/No melody": {"mean": 0.3233172144731142, "std": 0.10536989620827046}, "Complex/Simple rhythm": {"mean": 0.14822064673105598, "std": 0.08474369358708564}, "Dense/Sparse": {"mean": 0.3811902680635468, "std": 0.08783348226054959}, "Strong beat/Weak beat": {"mean": 0.31731695330126736, "std": 0.16428729070837447}, "Happy": {"mean": 0.3315703392771525, "std": 0.12388882527167949}, "Beauty": {"mean": 0.3968607223662317, "std": 0.09465285375544076}, "Calm": {"mean": 0.3991649105920964, "std": 0.10138995424551926}, "Energizing": {"mean": 0.26038992621971485, "std": 0.11270713966000304}, "Angry": {"mean": 0.45647584518254297, "std": 0.2179826958305088}, "Triumphant": {"mean": 0.14863358168933058, "std": 0.11214041163695862}}, "pearson": {"Electric/Acoustic": {"mean": 0.5588481809613441, "std": 0.10567522695380994, "ratio_significant": 1.0}, "Distorted/Clear": {"mean": 0.6943246465891199, "std": 0.051839008643337146, "ratio_significant": 1.0}, "Many/Few Instruments": {"mean": 0.4181878568729644, "std": 0.09849624026221306, "ratio_significant": 0.96}, "Loud/Soft": {"mean": 0.6519890216945562, "std": 0.059650298274779245, "ratio_significant": 1.0}, "Heavy/Light": {"mean": 0.7957043207193669, "std": 0.04077076365311252, "ratio_significant": 1.0}, "High/Low pitch": {"mean": 0.6760451424042305, "std": 0.07213085170375644, "ratio_significant": 1.0}, "Punchy/Smooth": {"mean": 0.6719219210609408, "std": 0.07026081272063238, "ratio_significant": 1.0}, "Harmonious/Disharmonious": {"mean": 0.616712750837254, "std": 0.09861179797738433, "ratio_significant": 1.0}, "Clear melody/No melody": {"mean": 0.5877411384539072, "std": 0.09356674554012064, "ratio_significant": 1.0}, "Complex/Simple rhythm": {"mean": 0.4317419680124297, "std": 0.08897488058711775, "ratio_significant": 0.88}, "Dense/Sparse": {"mean": 0.6513229861395899, "std": 0.051848605267386334, "ratio_significant": 1.0}, "Strong beat/Weak beat": {"mean": 0.602243846724581, "std": 0.07046204150518763, "ratio_significant": 1.0}, "Happy": {"mean": 0.6055184068093696, "std": 0.08234143292168755, "ratio_significant": 1.0}, "Beauty": {"mean": 0.6504110385542361, "std": 0.0740164195196481, "ratio_significant": 1.0}, "Calm": {"mean": 0.659184787078597, "std": 0.06791501816422368, "ratio_significant": 1.0}, "Energizing": {"mean": 0.5865697409738378, "std": 0.0628851248736158, "ratio_significant": 1.0}, "Angry": {"mean": 0.7310118550440495, "std": 0.05729476675253531, "ratio_significant": 1.0}, "Triumphant": {"mean": 0.44302717661681984, "std": 0.09704529624713484, "ratio_significant": 0.88}}, "average": {"mid_r2": {"mean": 0.3452047474283703, "std": 0.10908912111532414}, "mid_pears": {"mean": 0.6130653150391905, "std": 0.07519060609073645}, "emo_r2": {"mean": 0.33218255422117815, "std": 0.127126980066685}, "emo_pears": {"mean": 0.6126205008461517, "std": 0.0735830097464742}}, "config": {"modality": "music", "voice": true, "classifications": {"voice_gender": ["Feminine", "Masculine", "BOTH feminine and masculine voices", "There are no voices"], "voice_exagg": ["No, all voices are normal-sounding", "Yes a masculine voice is gender exaggerated", "Yes a feminine voice is gender exaggerated", "There are no voices"], "voice_type": ["BOTH spoken and sung", "Spoken", "Sung", "There are no voices"], "voice_age": ["Adults (including young adults)", "BOTH children and adults", "Children", "There are no voices"], "target": ["Girls/women", "Boys/men"]}, "which_embeddings": "openl3_env", "drop_non_significant": true}}