{"f1": {"voice_gender": {"mean": 0.8141471707954809, "std": 0.043768707344451464}, "voice_exagg": {"mean": 0.7250107243815117, "std": 0.04868632757873388}, "voice_type": {"mean": 0.7788948150252453, "std": 0.05524317501379881}, "voice_age": {"mean": 0.7754716974148448, "std": 0.052638007105938564}, "target": {"mean": 0.6538000290091791, "std": 0.05917503015977897}}, "r2": {"Electric/Acoustic": {"mean": 0.3494578399211732, "std": 0.12353624359087949}, "Distorted/Clear": {"mean": 0.4879218168036435, "std": 0.11604395944280858}, "Many/Few Instruments": {"mean": 0.07348745894499338, "std": 0.1380227641208695}, "Loud/Soft": {"mean": 0.47425220428749454, "std": 0.09259369124475617}, "Heavy/Light": {"mean": 0.668130035789355, "std": 0.0761998751848273}, "High/Low pitch": {"mean": 0.411679349542375, "std": 0.08479351503707697}, "Punchy/Smooth": {"mean": 0.43451650728739966, "std": 0.1054544827552339}, "Harmonious/Disharmonious": {"mean": 0.35294739467716224, "std": 0.08857970863892141}, "Clear melody/No melody": {"mean": 0.31329077924456245, "std": 0.11778320214762723}, "Complex/Simple rhythm": {"mean": 0.14104370043950662, "std": 0.10989541822065646}, "Dense/Sparse": {"mean": 0.36756182520116804, "std": 0.14187223709679248}, "Strong beat/Weak beat": {"mean": 0.34503223796994464, "std": 0.11671710723524317}, "Happy": {"mean": 0.37717733426479055, "std": 0.12505639844317876}, "Beauty": {"mean": 0.41408818391812174, "std": 0.10596588017024633}, "Calm": {"mean": 0.397062388209647, "std": 0.07931655070424697}, "Energizing": {"mean": 0.29002198039379573, "std": 0.12869062235993817}, "Angry": {"mean": 0.5329216923862051, "std": 0.132908654307591}, "Triumphant": {"mean": 0.09770370722249222, "std": 0.1171730940743596}}, "pearson": {"Electric/Acoustic": {"mean": 0.6341301277941338, "std": 0.08624938362130442, "ratio_significant": 1.0}, "Distorted/Clear": {"mean": 0.729070599536254, "std": 0.060432262853333064, "ratio_significant": 1.0}, "Many/Few Instruments": {"mean": 0.38605680236830375, "std": 0.13332994623245037, "ratio_significant": 0.6}, "Loud/Soft": {"mean": 0.7130904923612752, "std": 0.06082437269299907, "ratio_significant": 1.0}, "Heavy/Light": {"mean": 0.831106522534415, "std": 0.03580950522938099, "ratio_significant": 1.0}, "High/Low pitch": {"mean": 0.6679122316755368, "std": 0.060863012875660906, "ratio_significant": 1.0}, "Punchy/Smooth": {"mean": 0.6849664679054323, "std": 0.06504044704029532, "ratio_significant": 1.0}, "Harmonious/Disharmonious": {"mean": 0.6207314694728387, "std": 0.06588192982024979, "ratio_significant": 1.0}, "Clear melody/No melody": {"mean": 0.5890509839200465, "std": 0.08206549182355971, "ratio_significant": 1.0}, "Complex/Simple rhythm": {"mean": 0.4364762507434339, "std": 0.07366323205781512, "ratio_significant": 1.0}, "Dense/Sparse": {"mean": 0.6484438508550621, "std": 0.08720713514916077, "ratio_significant": 1.0}, "Strong beat/Weak beat": {"mean": 0.6231086788710639, "std": 0.0886005276815905, "ratio_significant": 1.0}, "Happy": {"mean": 0.6412640896622657, "std": 0.0814670376970699, "ratio_significant": 1.0}, "Beauty": {"mean": 0.6660556640816793, "std": 0.0775471696372329, "ratio_significant": 1.0}, "Calm": {"mean": 0.6656764025212908, "std": 0.054006309516292345, "ratio_significant": 1.0}, "Energizing": {"mean": 0.5807579555011989, "std": 0.08976440597023762, "ratio_significant": 1.0}, "Angry": {"mean": 0.7669156082674743, "std": 0.06006059767065029, "ratio_significant": 1.0}, "Triumphant": {"mean": 0.39556776206635563, "std": 0.0896221772734671, "ratio_significant": 0.56}}, "average": {"mid_r2": {"mean": 0.36827676250906477, "std": 0.10929101705964106}, "mid_pears": {"mean": 0.6303453731698163, "std": 0.07499727058981667}, "emo_r2": {"mean": 0.35149588106584206, "std": 0.11485186667659347}, "emo_pears": {"mean": 0.6193729136833774, "std": 0.07541128296082504}}, "config": {"modality": "music", "voice": true, "classifications": {"voice_gender": ["Feminine", "Masculine", "BOTH feminine and masculine voices", "There are no voices"], "voice_exagg": ["No, all voices are normal-sounding", "Yes a masculine voice is gender exaggerated", "Yes a feminine voice is gender exaggerated", "There are no voices"], "voice_type": ["BOTH spoken and sung", "Spoken", "Sung", "There are no voices"], "voice_age": ["Adults (including young adults)", "BOTH children and adults", "Children", "There are no voices"], "target": ["Girls/women", "Mixed", "Boys/men"]}, "which_embeddings": "openl3_music", "drop_non_significant": true}}