{"f1": {"voice_gender": {"mean": 0.6877148844695375, "std": 0.07175480296920386}, "voice_exagg": {"mean": 0.5553388318268838, "std": 0.04980357406899841}, "voice_type": {"mean": 0.6592829073290111, "std": 0.06498346041140143}, "voice_age": {"mean": 0.7353077041200753, "std": 0.07230088253175669}, "target": {"mean": 0.8056906800797734, "std": 0.08847931335356884}}, "r2": {"Electric/Acoustic": {"mean": 0.1645487161718269, "std": 0.09678549431160617}, "Distorted/Clear": {"mean": 0.14130775818946545, "std": 0.0979441869237417}, "Many/Few Instruments": {"mean": -0.053426629398878385, "std": 0.1199813370523168}, "Loud/Soft": {"mean": 0.5568487272270539, "std": 0.10191401026625707}, "Heavy/Light": {"mean": 0.4258412236223868, "std": 0.13633716077628552}, "High/Low pitch": {"mean": 0.21052878746611547, "std": 0.13145204210129455}, "Punchy/Smooth": {"mean": 0.3854155808531556, "std": 0.13411451882286418}, "Harmonious/Disharmonious": {"mean": -0.0707319310657759, "std": 0.16006283260291482}, "Clear melody/No melody": {"mean": -0.11237837172973002, "std": 0.18178064254289883}, "Complex/Simple rhythm": {"mean": -0.22373987498921327, "std": 0.18960740191144465}, "Dense/Sparse": {"mean": 0.24513503141382856, "std": 0.16681063416383204}, "Strong beat/Weak beat": {"mean": 0.2276467003453242, "std": 0.13367846694114896}, "Happy": {"mean": 0.04096820911838324, "std": 0.16773435261248673}, "Beauty": {"mean": 0.045636630147953806, "std": 0.2562098129667961}, "Calm": {"mean": 0.2575452041603774, "std": 0.15482373058119314}, "Energizing": {"mean": 0.10551997357550785, "std": 0.15576138690037877}, "Angry": {"mean": 0.16840815461354347, "std": 0.1297441885564723}, "Triumphant": {"mean": -0.032262814258549655, "std": 0.10487309843752457}}, "pearson": {"Electric/Acoustic": {"mean": 0.4608322086290212, "std": 0.08279914683230945, "ratio_significant": 1.0}, "Distorted/Clear": {"mean": 0.45504844498751235, "std": 0.09355677128376104, "ratio_significant": 1.0}, "Many/Few Instruments": {"mean": 0.2414785330303905, "std": 0.13089510594292475, "ratio_significant": 0.12}, "Loud/Soft": {"mean": 0.7643172476849984, "std": 0.055125102445992405, "ratio_significant": 1.0}, "Heavy/Light": {"mean": 0.6770068749077066, "std": 0.10221702226422469, "ratio_significant": 1.0}, "High/Low pitch": {"mean": 0.5220182753610494, "std": 0.11794103788614994, "ratio_significant": 0.96}, "Punchy/Smooth": {"mean": 0.6624528480889853, "std": 0.08168984974067585, "ratio_significant": 1.0}, "Harmonious/Disharmonious": {"mean": 0.25031495316979724, "std": 0.1425743626004466, "ratio_significant": 0.16}, "Clear melody/No melody": {"mean": 0.1838026872480485, "std": 0.18917919933356184, "ratio_significant": 0.08}, "Complex/Simple rhythm": {"mean": 0.15805663507083337, "std": 0.14101388536486834, "ratio_significant": 0.04}, "Dense/Sparse": {"mean": 0.5650446778018147, "std": 0.11247054021841896, "ratio_significant": 1.0}, "Strong beat/Weak beat": {"mean": 0.5565124713746057, "std": 0.08784140372706432, "ratio_significant": 1.0}, "Happy": {"mean": 0.37455602527353327, "std": 0.11662254874301034, "ratio_significant": 0.52}, "Beauty": {"mean": 0.3985505629467712, "std": 0.1063830957509519, "ratio_significant": 0.6}, "Calm": {"mean": 0.5460355555355999, "std": 0.12517336490564906, "ratio_significant": 0.96}, "Energizing": {"mean": 0.4253910299725625, "std": 0.10694851342767951, "ratio_significant": 0.72}, "Angry": {"mean": 0.49282976346022084, "std": 0.08510553982786638, "ratio_significant": 1.0}, "Triumphant": {"mean": 0.26745754058599774, "std": 0.07639122119542749, "ratio_significant": 0.08}}, "average": {"mid_r2": {"mean": 0.1580829765087966, "std": 0.1375390607013838}, "mid_pears": {"mean": 0.4580738214462303, "std": 0.11144195230336651}, "emo_r2": {"mean": 0.09763589289286936, "std": 0.1615244283424753}, "emo_pears": {"mean": 0.41747007962911425, "std": 0.10277071397509746}}, "config": {"modality": "music", "voice": true, "classifications": {"voice_gender": ["Feminine", "Masculine", "BOTH feminine and masculine voices", "There are no voices"], "voice_exagg": ["No, all voices are normal-sounding", "Yes a masculine voice is gender exaggerated", "Yes a feminine voice is gender exaggerated", "There are no voices"], "voice_type": ["BOTH spoken and sung", "Spoken", "Sung", "There are no voices"], "voice_age": ["Adults (including young adults)", "BOTH children and adults", "Children", "There are no voices"], "target": ["Girls/women", "Boys/men"]}, "which_embeddings": "mfcc", "drop_non_significant": true}}