{"f1": {"voice_gender": {"mean": 0.7178169095006792, "std": 0.0395034380646193}, "voice_exagg": {"mean": 0.5844365495214008, "std": 0.06063470497011323}, "voice_type": {"mean": 0.7010783581760853, "std": 0.05241550256217612}, "voice_age": {"mean": 0.7403653482396922, "std": 0.05238725668114015}, "target": {"mean": 0.4905156421350454, "std": 0.040352737722979426}}, "r2": {"Electric/Acoustic": {"mean": 0.1875940736477159, "std": 0.11284808981453776}, "Distorted/Clear": {"mean": 0.14641300487313041, "std": 0.05909149341760757}, "Many/Few Instruments": {"mean": -0.07490038516671893, "std": 0.17925192441208737}, "Loud/Soft": {"mean": 0.5663043847576411, "std": 0.09601319511397621}, "Heavy/Light": {"mean": 0.43583138970988844, "std": 0.08772973609114408}, "High/Low pitch": {"mean": 0.2017807726841293, "std": 0.14827870043755734}, "Punchy/Smooth": {"mean": 0.380823640999448, "std": 0.13401502576606591}, "Harmonious/Disharmonious": {"mean": -0.054057690886833897, "std": 0.16993118353677214}, "Clear melody/No melody": {"mean": -0.05297295599420328, "std": 0.15592555601539354}, "Complex/Simple rhythm": {"mean": -0.1697317401179709, "std": 0.15262158809759813}, "Dense/Sparse": {"mean": 0.21690838656986058, "std": 0.13509548220112638}, "Strong beat/Weak beat": {"mean": 0.2504933587769547, "std": 0.11910140316364136}, "Happy": {"mean": 0.004016215750230732, "std": 0.16941939604949638}, "Beauty": {"mean": 0.1034831867946863, "std": 0.10532732527512587}, "Calm": {"mean": 0.2095963716161914, "std": 0.1603595471188914}, "Energizing": {"mean": 0.11811213928801631, "std": 0.1487223947426805}, "Angry": {"mean": 0.14982154633570618, "std": 0.17618401842136347}, "Triumphant": {"mean": -0.0648980274551275, "std": 0.13556908678074633}}, "pearson": {"Electric/Acoustic": {"mean": 0.47244040116720576, "std": 0.09551158923035777, "ratio_significant": 1.0}, "Distorted/Clear": {"mean": 0.4461270247942623, "std": 0.061485714540449925, "ratio_significant": 1.0}, "Many/Few Instruments": {"mean": 0.2371142603147617, "std": 0.13110756912765853, "ratio_significant": 0.16}, "Loud/Soft": {"mean": 0.7659737059243189, "std": 0.057902703621333575, "ratio_significant": 1.0}, "Heavy/Light": {"mean": 0.6861001027889065, "std": 0.05267897595997353, "ratio_significant": 1.0}, "High/Low pitch": {"mean": 0.5397471909893661, "std": 0.07645494144273283, "ratio_significant": 1.0}, "Punchy/Smooth": {"mean": 0.6408789833285614, "std": 0.09106520682084196, "ratio_significant": 1.0}, "Harmonious/Disharmonious": {"mean": 0.2619316323248549, "std": 0.13103659653328906, "ratio_significant": 0.24}, "Clear melody/No melody": {"mean": 0.2248806803974863, "std": 0.12074468477178738, "ratio_significant": 0.12}, "Complex/Simple rhythm": {"mean": 0.16698254158463283, "std": 0.122395999392339, "ratio_significant": 0.0}, "Dense/Sparse": {"mean": 0.5403850812321134, "std": 0.093970678797877, "ratio_significant": 1.0}, "Strong beat/Weak beat": {"mean": 0.5422454167762568, "std": 0.09481105285249371, "ratio_significant": 1.0}, "Happy": {"mean": 0.3385460707206954, "std": 0.1170173741278828, "ratio_significant": 0.44}, "Beauty": {"mean": 0.41531870861453896, "std": 0.07847374051638838, "ratio_significant": 0.92}, "Calm": {"mean": 0.5158783508106861, "std": 0.11375695446720185, "ratio_significant": 1.0}, "Energizing": {"mean": 0.42221602446384354, "std": 0.12859353734954238, "ratio_significant": 0.76}, "Angry": {"mean": 0.4834575189677902, "std": 0.09265605303720534, "ratio_significant": 0.96}, "Triumphant": {"mean": 0.2228534746381718, "std": 0.11535809248186167, "ratio_significant": 0.04}}, "average": {"mid_r2": {"mean": 0.16954051998775346, "std": 0.129158614838959}, "mid_pears": {"mean": 0.46040058513522725, "std": 0.09409714275759451}, "emo_r2": {"mean": 0.08668857205495058, "std": 0.14926362806471738}, "emo_pears": {"mean": 0.39971169136928764, "std": 0.10764262533001373}}, "config": {"modality": "music", "voice": true, "classifications": {"voice_gender": ["Feminine", "Masculine", "BOTH feminine and masculine voices", "There are no voices"], "voice_exagg": ["No, all voices are normal-sounding", "Yes a masculine voice is gender exaggerated", "Yes a feminine voice is gender exaggerated", "There are no voices"], "voice_type": ["BOTH spoken and sung", "Spoken", "Sung", "There are no voices"], "voice_age": ["Adults (including young adults)", "BOTH children and adults", "Children", "There are no voices"], "target": ["Girls/women", "Mixed", "Boys/men"]}, "which_embeddings": "mfcc", "drop_non_significant": true}}