{"f1": {"voice_gender": {"mean": 0.7356446195036621, "std": 0.08215616787572463}, "voice_exagg": {"mean": 0.658494851045174, "std": 0.06535693587547195}, "voice_type": {"mean": 0.724628809652867, "std": 0.0657716542853867}, "voice_age": {"mean": 0.774909263228654, "std": 0.05266165049444286}, "target": {"mean": 0.9054719028834454, "std": 0.08036259473915164}}, "r2": {"Electric/Acoustic": {"mean": 0.36714913823120165, "std": 0.14493465510459919}, "Distorted/Clear": {"mean": 0.5203106341043349, "std": 0.11452609233053195}, "Many/Few Instruments": {"mean": 0.14091669751550043, "std": 0.10418122550489813}, "Loud/Soft": {"mean": 0.5406134321816181, "std": 0.12701521472019753}, "Heavy/Light": {"mean": 0.668792934243395, "std": 0.1316872374546911}, "High/Low pitch": {"mean": 0.3775307328493265, "std": 0.1443920709407647}, "Punchy/Smooth": {"mean": 0.5114796546336102, "std": 0.12590383680568137}, "Harmonious/Disharmonious": {"mean": 0.3879118166623195, "std": 0.1375423029397996}, "Clear melody/No melody": {"mean": 0.36742336359855643, "std": 0.14305187044077367}, "Complex/Simple rhythm": {"mean": 0.1433583333215253, "std": 0.10086232437425263}, "Dense/Sparse": {"mean": 0.43446430753833604, "std": 0.12463029251859543}, "Strong beat/Weak beat": {"mean": 0.40632304785436046, "std": 0.18528608083871137}, "Happy": {"mean": 0.3500567359207041, "std": 0.12324616260728247}, "Beauty": {"mean": 0.39397404178518725, "std": 0.09784280234324838}, "Calm": {"mean": 0.40129031445210034, "std": 0.17650147880329004}, "Energizing": {"mean": 0.2175051831235348, "std": 0.18320373813869928}, "Angry": {"mean": 0.4667509726737397, "std": 0.1577594988200833}, "Triumphant": {"mean": 0.1034334898986985, "std": 0.17038265494451313}}, "pearson": {"Electric/Acoustic": {"mean": 0.6277163513605694, "std": 0.14070691968987104, "ratio_significant": 0.96}, "Distorted/Clear": {"mean": 0.7368077778010192, "std": 0.0847438416314745, "ratio_significant": 1.0}, "Many/Few Instruments": {"mean": 0.463538531860002, "std": 0.0784988963201646, "ratio_significant": 1.0}, "Loud/Soft": {"mean": 0.7650473124052118, "std": 0.07144873108499984, "ratio_significant": 1.0}, "Heavy/Light": {"mean": 0.8381258714252899, "std": 0.05819640221572222, "ratio_significant": 1.0}, "High/Low pitch": {"mean": 0.6390591893440524, "std": 0.21101915564610088, "ratio_significant": 1.0}, "Punchy/Smooth": {"mean": 0.7337629536804426, "std": 0.0882924815362974, "ratio_significant": 1.0}, "Harmonious/Disharmonious": {"mean": 0.6404436154238301, "std": 0.18955231325962743, "ratio_significant": 0.96}, "Clear melody/No melody": {"mean": 0.6235046803776851, "std": 0.18596522858247566, "ratio_significant": 0.96}, "Complex/Simple rhythm": {"mean": 0.45156411627657744, "std": 0.10723144457037477, "ratio_significant": 0.92}, "Dense/Sparse": {"mean": 0.7032304766716315, "std": 0.0760187173993782, "ratio_significant": 1.0}, "Strong beat/Weak beat": {"mean": 0.6820635569595567, "std": 0.12441673055227447, "ratio_significant": 0.96}, "Happy": {"mean": 0.6350911544133753, "std": 0.08200104751666853, "ratio_significant": 1.0}, "Beauty": {"mean": 0.6585190517302071, "std": 0.057773405268460996, "ratio_significant": 1.0}, "Calm": {"mean": 0.6779766809202468, "std": 0.08601684136441952, "ratio_significant": 1.0}, "Energizing": {"mean": 0.523660325533282, "std": 0.20843626538090507, "ratio_significant": 1.0}, "Angry": {"mean": 0.7104452376528555, "std": 0.18079282013328604, "ratio_significant": 0.96}, "Triumphant": {"mean": 0.39175232717653524, "std": 0.1950130016532224, "ratio_significant": 0.92}}, "average": {"mid_r2": {"mean": 0.40552284106117376, "std": 0.13200110033112472}, "mid_pears": {"mean": 0.6587387027988224, "std": 0.11800757187406345}, "emo_r2": {"mean": 0.3221684563089941, "std": 0.1514893892761861}, "emo_pears": {"mean": 0.5995741295710837, "std": 0.13500556355282708}}, "config": {"modality": "music", "voice": false, "classifications": {"voice_gender": ["Feminine", "Masculine", "BOTH feminine and masculine voices", "There are no voices"], "voice_exagg": ["No, all voices are normal-sounding", "Yes a masculine voice is gender exaggerated", "Yes a feminine voice is gender exaggerated", "There are no voices"], "voice_type": ["BOTH spoken and sung", "Spoken", "Sung", "There are no voices"], "voice_age": ["Adults (including young adults)", "BOTH children and adults", "Children", "There are no voices"], "target": ["Girls/women", "Boys/men"]}, "which_embeddings": "openl3_music", "drop_non_significant": true}}