{"f1": {"voice_gender": {"mean": 0.7005017790665785, "std": 0.061603482804098164}, "voice_exagg": {"mean": 0.5737542492667399, "std": 0.06105394312483277}, "voice_type": {"mean": 0.6647348201292326, "std": 0.08384608734612606}, "voice_age": {"mean": 0.7383264098683625, "std": 0.05921441147592128}, "target": {"mean": 0.5423720996994583, "std": 0.059022313875738905}}, "r2": {"Electric/Acoustic": {"mean": 0.16895544867232515, "std": 0.10480036113086723}, "Distorted/Clear": {"mean": 0.10138247280364393, "std": 0.12534500377864166}, "Many/Few Instruments": {"mean": -0.004452277806129139, "std": 0.15750626745337507}, "Loud/Soft": {"mean": 0.48109974430868535, "std": 0.15289443326462515}, "Heavy/Light": {"mean": 0.36402419352169063, "std": 0.1378534449043893}, "High/Low pitch": {"mean": 0.025790118586413984, "std": 0.17371020506624907}, "Punchy/Smooth": {"mean": 0.27822293833957895, "std": 0.16218446517162277}, "Harmonious/Disharmonious": {"mean": -0.005431454825881454, "std": 0.15026947591945927}, "Clear melody/No melody": {"mean": 0.048809911021333224, "std": 0.11392074058884052}, "Complex/Simple rhythm": {"mean": -0.15889014305976934, "std": 0.1807740535079297}, "Dense/Sparse": {"mean": 0.24888609279438703, "std": 0.12299902163807934}, "Strong beat/Weak beat": {"mean": 0.28451236099551575, "std": 0.13391922705751805}, "Happy": {"mean": -0.0047900018589986, "std": 0.12611487326269988}, "Beauty": {"mean": 0.04034979990708364, "std": 0.15532895972077534}, "Calm": {"mean": 0.09000698721809783, "std": 0.1673610121879857}, "Energizing": {"mean": 0.011141094208157933, "std": 0.1827497504873527}, "Angry": {"mean": 0.10360265465537111, "std": 0.1754955575576108}, "Triumphant": {"mean": -0.030582577870702177, "std": 0.17135912114743507}}, "pearson": {"Electric/Acoustic": {"mean": 0.46664204463195247, "std": 0.08887780227577571, "ratio_significant": 1.0}, "Distorted/Clear": {"mean": 0.4251398354080308, "std": 0.0836066716470718, "ratio_significant": 0.92}, "Many/Few Instruments": {"mean": 0.34350570769951344, "std": 0.11019215330269516, "ratio_significant": 0.36}, "Loud/Soft": {"mean": 0.7443692020802237, "std": 0.0662730640126853, "ratio_significant": 1.0}, "Heavy/Light": {"mean": 0.6410026918724805, "std": 0.08368807168092907, "ratio_significant": 1.0}, "High/Low pitch": {"mean": 0.38799217045634465, "std": 0.11050230600615786, "ratio_significant": 0.56}, "Punchy/Smooth": {"mean": 0.5844560763220612, "std": 0.09960917711721679, "ratio_significant": 1.0}, "Harmonious/Disharmonious": {"mean": 0.33770784159610906, "std": 0.09616439091380265, "ratio_significant": 0.32}, "Clear melody/No melody": {"mean": 0.36671429774816616, "std": 0.09650043092439886, "ratio_significant": 0.44}, "Complex/Simple rhythm": {"mean": 0.2511904445483368, "std": 0.10903074462731042, "ratio_significant": 0.12}, "Dense/Sparse": {"mean": 0.5825665422841613, "std": 0.07719399463718792, "ratio_significant": 1.0}, "Strong beat/Weak beat": {"mean": 0.5798390681060257, "std": 0.09320067696420224, "ratio_significant": 1.0}, "Happy": {"mean": 0.33023059133340277, "std": 0.09100691408403212, "ratio_significant": 0.4}, "Beauty": {"mean": 0.3563672271668613, "std": 0.10335814629484838, "ratio_significant": 0.4}, "Calm": {"mean": 0.41760104195843517, "std": 0.11865015677151716, "ratio_significant": 0.88}, "Energizing": {"mean": 0.35893906714947815, "std": 0.09103646694061507, "ratio_significant": 0.48}, "Angry": {"mean": 0.4220345671618049, "std": 0.11514906710866075, "ratio_significant": 0.88}, "Triumphant": {"mean": 0.27138093786344014, "std": 0.1122332358352837, "ratio_significant": 0.2}}, "average": {"mid_r2": {"mean": 0.15274245044598284, "std": 0.14301472495679976}, "mid_pears": {"mean": 0.47592716022945053, "std": 0.0929032903424528}, "emo_r2": {"mean": 0.03495465937650163, "std": 0.1630682123939766}, "emo_pears": {"mean": 0.35942557210557047, "std": 0.10523899783915953}}, "config": {"modality": "music", "voice": false, "classifications": {"voice_gender": ["Feminine", "Masculine", "BOTH feminine and masculine voices", "There are no voices"], "voice_exagg": ["No, all voices are normal-sounding", "Yes a masculine voice is gender exaggerated", "Yes a feminine voice is gender exaggerated", "There are no voices"], "voice_type": ["BOTH spoken and sung", "Spoken", "Sung", "There are no voices"], "voice_age": ["Adults (including young adults)", "BOTH children and adults", "Children", "There are no voices"], "target": ["Girls/women", "Mixed", "Boys/men"]}, "which_embeddings": "mfcc", "drop_non_significant": true}}