{"f1": {"voice_gender": {"mean": 0.6796772874577768, "std": 0.052550768050523056}, "voice_exagg": {"mean": 0.5812385349669061, "std": 0.07293137905216673}, "voice_type": {"mean": 0.6675517585644682, "std": 0.0627403070592636}, "voice_age": {"mean": 0.7289344190230855, "std": 0.04292849927034796}, "target": {"mean": 0.6147362035864881, "std": 0.06674623060824822}}, "r2": {"Electric/Acoustic": {"mean": 0.3896086706046837, "std": 0.09241801720772201}, "Distorted/Clear": {"mean": 0.515816414846702, "std": 0.08200381079774835}, "Many/Few Instruments": {"mean": 0.08508498282601488, "std": 0.09568132880393032}, "Loud/Soft": {"mean": 0.5336609282343058, "std": 0.08134936269062372}, "Heavy/Light": {"mean": 0.6249120211927168, "std": 0.06510394134309111}, "High/Low pitch": {"mean": 0.3040094275094851, "std": 0.1270708645733645}, "Punchy/Smooth": {"mean": 0.5365742840817649, "std": 0.08943107153962643}, "Harmonious/Disharmonious": {"mean": 0.41486443470163414, "std": 0.10529803893979321}, "Clear melody/No melody": {"mean": 0.37286065440156657, "std": 0.10268433619606179}, "Complex/Simple rhythm": {"mean": 0.08278042877023878, "std": 0.13223299775932282}, "Dense/Sparse": {"mean": 0.3236046575679469, "std": 0.11558198433400485}, "Strong beat/Weak beat": {"mean": 0.4069403050801311, "std": 0.11344751720966875}, "Happy": {"mean": 0.19459673503090172, "std": 0.14712158937045808}, "Beauty": {"mean": 0.2813046317445294, "std": 0.08054907569340322}, "Calm": {"mean": 0.34060899068007133, "std": 0.11449035632764462}, "Energizing": {"mean": 0.15528121311602608, "std": 0.12260656425576005}, "Angry": {"mean": 0.3967399716815852, "std": 0.17788508061225777}, "Triumphant": {"mean": 0.006184128143121255, "std": 0.14998105703174938}}, "pearson": {"Electric/Acoustic": {"mean": 0.6588893839824599, "std": 0.0730365101463739, "ratio_significant": 1.0}, "Distorted/Clear": {"mean": 0.7376320226387181, "std": 0.05039356138048474, "ratio_significant": 1.0}, "Many/Few Instruments": {"mean": 0.3902932593402118, "std": 0.0799139033237242, "ratio_significant": 0.64}, "Loud/Soft": {"mean": 0.739942902474122, "std": 0.056533246967043024, "ratio_significant": 1.0}, "Heavy/Light": {"mean": 0.8012547533880066, "std": 0.04128593968743752, "ratio_significant": 1.0}, "High/Low pitch": {"mean": 0.6035920701691124, "std": 0.07922510606059618, "ratio_significant": 1.0}, "Punchy/Smooth": {"mean": 0.7584908762055175, "std": 0.050950005600934795, "ratio_significant": 1.0}, "Harmonious/Disharmonious": {"mean": 0.6709907439865015, "std": 0.06475189797905452, "ratio_significant": 1.0}, "Clear melody/No melody": {"mean": 0.642034275105496, "std": 0.06812181499564707, "ratio_significant": 1.0}, "Complex/Simple rhythm": {"mean": 0.3811524131022121, "std": 0.12069348337674564, "ratio_significant": 0.6}, "Dense/Sparse": {"mean": 0.6053272725922026, "std": 0.07253136795087842, "ratio_significant": 1.0}, "Strong beat/Weak beat": {"mean": 0.6603531475248872, "std": 0.07299788507473133, "ratio_significant": 1.0}, "Happy": {"mean": 0.5153153867502076, "std": 0.0934511096532956, "ratio_significant": 1.0}, "Beauty": {"mean": 0.559570006214893, "std": 0.06154420901479951, "ratio_significant": 1.0}, "Calm": {"mean": 0.633018502695352, "std": 0.07860349526762465, "ratio_significant": 1.0}, "Energizing": {"mean": 0.49042434875608526, "std": 0.07486646825237976, "ratio_significant": 1.0}, "Angry": {"mean": 0.6974457829964829, "std": 0.06999189725420378, "ratio_significant": 1.0}, "Triumphant": {"mean": 0.3486247429268093, "std": 0.08760141815052579, "ratio_significant": 0.48}}, "average": {"mid_r2": {"mean": 0.3825597674847659, "std": 0.10019193928291314}, "mid_pears": {"mean": 0.6374960933757873, "std": 0.06920289354530429}, "emo_r2": {"mean": 0.2291192783993725, "std": 0.13210562054854552}, "emo_pears": {"mean": 0.5407331283899716, "std": 0.07767643293213819}}, "config": {"modality": "music", "voice": false, "classifications": {"voice_gender": ["Feminine", "Masculine", "BOTH feminine and masculine voices", "There are no voices"], "voice_exagg": ["No, all voices are normal-sounding", "Yes a masculine voice is gender exaggerated", "Yes a feminine voice is gender exaggerated", "There are no voices"], "voice_type": ["BOTH spoken and sung", "Spoken", "Sung", "There are no voices"], "voice_age": ["Adults (including young adults)", "BOTH children and adults", "Children", "There are no voices"], "target": ["Girls/women", "Mixed", "Boys/men"]}, "which_embeddings": "msd", "drop_non_significant": true}}