{"f1": {"voice_gender": {"mean": 0.7203555597604676, "std": 0.04723385745613765}, "voice_exagg": {"mean": 0.675432004880336, "std": 0.04894469825255761}, "voice_type": {"mean": 0.7157129900450842, "std": 0.06033045614591446}, "voice_age": {"mean": 0.7869896036778599, "std": 0.05145442137652646}, "target": {"mean": 0.6372465211040383, "std": 0.05647855833192357}}, "r2": {"Electric/Acoustic": {"mean": 0.37011076766400275, "std": 0.09724241281915659}, "Distorted/Clear": {"mean": 0.5034346467745396, "std": 0.10142986318811581}, "Many/Few Instruments": {"mean": 0.15573903817339088, "std": 0.1065952829455699}, "Loud/Soft": {"mean": 0.5869052124463446, "std": 0.0826424631784023}, "Heavy/Light": {"mean": 0.7128700067898283, "std": 0.06957504389820271}, "High/Low pitch": {"mean": 0.4127174844563054, "std": 0.11144948053977943}, "Punchy/Smooth": {"mean": 0.5323133233715786, "std": 0.09768616064939953}, "Harmonious/Disharmonious": {"mean": 0.39725140949960985, "std": 0.09205824847198625}, "Clear melody/No melody": {"mean": 0.3541442916916423, "std": 0.09684369852049399}, "Complex/Simple rhythm": {"mean": 0.15248177310820016, "std": 0.12138468091973961}, "Dense/Sparse": {"mean": 0.4725578658933085, "std": 0.0998815536955195}, "Strong beat/Weak beat": {"mean": 0.4660883810598703, "std": 0.10959398787839511}, "Happy": {"mean": 0.3357298889401122, "std": 0.12121377276295386}, "Beauty": {"mean": 0.34007260875711337, "std": 0.08724426940364215}, "Calm": {"mean": 0.3822747511929922, "std": 0.12064093192114961}, "Energizing": {"mean": 0.2783050665615927, "std": 0.1211030985750629}, "Angry": {"mean": 0.5061699577469616, "std": 0.12361923058432124}, "Triumphant": {"mean": 0.1228806803783204, "std": 0.11721388928871548}}, "pearson": {"Electric/Acoustic": {"mean": 0.6486009369249769, "std": 0.05919179559184907, "ratio_significant": 1.0}, "Distorted/Clear": {"mean": 0.7448913140831936, "std": 0.06326909599940933, "ratio_significant": 1.0}, "Many/Few Instruments": {"mean": 0.4513540108503251, "std": 0.09607430399714159, "ratio_significant": 0.92}, "Loud/Soft": {"mean": 0.7850544740978378, "std": 0.05331156581773085, "ratio_significant": 1.0}, "Heavy/Light": {"mean": 0.8556041288310816, "std": 0.04360878400190482, "ratio_significant": 1.0}, "High/Low pitch": {"mean": 0.6646837045725092, "std": 0.07034437895630642, "ratio_significant": 1.0}, "Punchy/Smooth": {"mean": 0.7564341606523299, "std": 0.05685028434274538, "ratio_significant": 1.0}, "Harmonious/Disharmonious": {"mean": 0.6639656759454146, "std": 0.060282942052103945, "ratio_significant": 1.0}, "Clear melody/No melody": {"mean": 0.6296875843261482, "std": 0.07139630855559105, "ratio_significant": 1.0}, "Complex/Simple rhythm": {"mean": 0.4481684930647383, "std": 0.11809989332226804, "ratio_significant": 0.8}, "Dense/Sparse": {"mean": 0.7162626398063839, "std": 0.06591511005354002, "ratio_significant": 1.0}, "Strong beat/Weak beat": {"mean": 0.7070872110498361, "std": 0.07539437827576374, "ratio_significant": 1.0}, "Happy": {"mean": 0.613183646658143, "std": 0.08623987163437832, "ratio_significant": 1.0}, "Beauty": {"mean": 0.6219806789639187, "std": 0.06590834438626823, "ratio_significant": 1.0}, "Calm": {"mean": 0.6553043545941328, "std": 0.06887187784153216, "ratio_significant": 1.0}, "Energizing": {"mean": 0.5615036107612363, "std": 0.09447169453061988, "ratio_significant": 1.0}, "Angry": {"mean": 0.7255286064938165, "std": 0.08697154412176719, "ratio_significant": 1.0}, "Triumphant": {"mean": 0.416263266634853, "std": 0.11253991902446527, "ratio_significant": 0.76}}, "average": {"mid_r2": {"mean": 0.4263845167440518, "std": 0.09886523972539674}, "mid_pears": {"mean": 0.6726495278503979, "std": 0.06947823674719618}, "emo_r2": {"mean": 0.3275721589295154, "std": 0.11517253208930754}, "emo_pears": {"mean": 0.5989606940176834, "std": 0.08583387525650517}}, "config": {"modality": "music", "voice": false, "classifications": {"voice_gender": ["Feminine", "Masculine", "BOTH feminine and masculine voices", "There are no voices"], "voice_exagg": ["No, all voices are normal-sounding", "Yes a masculine voice is gender exaggerated", "Yes a feminine voice is gender exaggerated", "There are no voices"], "voice_type": ["BOTH spoken and sung", "Spoken", "Sung", "There are no voices"], "voice_age": ["Adults (including young adults)", "BOTH children and adults", "Children", "There are no voices"], "target": ["Girls/women", "Mixed", "Boys/men"]}, "which_embeddings": "openl3_music", "drop_non_significant": true}}