{"f1": {"voice_gender": {"mean": 0.788240954800801, "std": 0.09501531421764889}, "voice_exagg": {"mean": 0.7266017617706464, "std": 0.052298189277927495}, "voice_type": {"mean": 0.7722184981635065, "std": 0.06519022546000605}, "voice_age": {"mean": 0.7889489605786337, "std": 0.05973558634681041}, "target": {"mean": 0.9152921314778485, "std": 0.0830317577268944}}, "r2": {"Electric/Acoustic": {"mean": 0.3485082678547464, "std": 0.11806986826695187}, "Distorted/Clear": {"mean": 0.4664381545428175, "std": 0.1349322861682866}, "Many/Few Instruments": {"mean": 0.11282861436843866, "std": 0.10891619419501872}, "Loud/Soft": {"mean": 0.4426381877459412, "std": 0.1171233624572406}, "Heavy/Light": {"mean": 0.6305206046336688, "std": 0.12678485094448397}, "High/Low pitch": {"mean": 0.3584510331273256, "std": 0.14943531076303698}, "Punchy/Smooth": {"mean": 0.41102313685217434, "std": 0.12992152023296738}, "Harmonious/Disharmonious": {"mean": 0.32568270653054987, "std": 0.18544508395360917}, "Clear melody/No melody": {"mean": 0.2698033745333912, "std": 0.14976802489990854}, "Complex/Simple rhythm": {"mean": 0.11893409034402275, "std": 0.10270610303569663}, "Dense/Sparse": {"mean": 0.39434458847350085, "std": 0.12253282337967551}, "Strong beat/Weak beat": {"mean": 0.31954195004465513, "std": 0.16423117718453414}, "Happy": {"mean": 0.3451014319964431, "std": 0.1452169931511827}, "Beauty": {"mean": 0.39912947931908227, "std": 0.14976253488120864}, "Calm": {"mean": 0.39657842757127204, "std": 0.11138618917057137}, "Energizing": {"mean": 0.2539109683697741, "std": 0.12413133871862626}, "Angry": {"mean": 0.4754260340598021, "std": 0.18622478906426507}, "Triumphant": {"mean": 0.09875762665423675, "std": 0.1439238494512503}}, "pearson": {"Electric/Acoustic": {"mean": 0.616901235005503, "std": 0.11387990469538081, "ratio_significant": 0.96}, "Distorted/Clear": {"mean": 0.7090738348589127, "std": 0.08325505328810798, "ratio_significant": 1.0}, "Many/Few Instruments": {"mean": 0.4135251673297147, "std": 0.10204550613026556, "ratio_significant": 0.84}, "Loud/Soft": {"mean": 0.6878583302416433, "std": 0.06923993281071265, "ratio_significant": 1.0}, "Heavy/Light": {"mean": 0.8119601948587438, "std": 0.04712678840810975, "ratio_significant": 1.0}, "High/Low pitch": {"mean": 0.617110490774316, "std": 0.21910343585962747, "ratio_significant": 1.0}, "Punchy/Smooth": {"mean": 0.6709776833353385, "std": 0.09706620490259651, "ratio_significant": 1.0}, "Harmonious/Disharmonious": {"mean": 0.5928480929708815, "std": 0.19150038168067954, "ratio_significant": 0.96}, "Clear melody/No melody": {"mean": 0.5500492760601112, "std": 0.1693875184507509, "ratio_significant": 0.96}, "Complex/Simple rhythm": {"mean": 0.4152304770185797, "std": 0.08706157029328114, "ratio_significant": 0.84}, "Dense/Sparse": {"mean": 0.6627188894016327, "std": 0.0651621735473394, "ratio_significant": 1.0}, "Strong beat/Weak beat": {"mean": 0.6201624399143436, "std": 0.1273813437851626, "ratio_significant": 0.96}, "Happy": {"mean": 0.629066988348185, "std": 0.10214455482636269, "ratio_significant": 1.0}, "Beauty": {"mean": 0.6562818443078762, "std": 0.09297588694225613, "ratio_significant": 1.0}, "Calm": {"mean": 0.6441428999110669, "std": 0.07958060286177657, "ratio_significant": 1.0}, "Energizing": {"mean": 0.5369349322548447, "std": 0.13918697828054014, "ratio_significant": 0.96}, "Angry": {"mean": 0.6848422129245509, "std": 0.2540305243833908, "ratio_significant": 1.0}, "Triumphant": {"mean": 0.38217813615912183, "std": 0.20284748407232236, "ratio_significant": 0.92}}, "average": {"mid_r2": {"mean": 0.3498928924209361, "std": 0.13415555045678418}, "mid_pears": {"mean": 0.6140346759808101, "std": 0.11435081782100119}, "emo_r2": {"mean": 0.32815066132843507, "std": 0.14344094907285074}, "emo_pears": {"mean": 0.5889078356509408, "std": 0.14512767189444145}}, "config": {"modality": "music", "voice": true, "classifications": {"voice_gender": ["Feminine", "Masculine", "BOTH feminine and masculine voices", "There are no voices"], "voice_exagg": ["No, all voices are normal-sounding", "Yes a masculine voice is gender exaggerated", "Yes a feminine voice is gender exaggerated", "There are no voices"], "voice_type": ["BOTH spoken and sung", "Spoken", "Sung", "There are no voices"], "voice_age": ["Adults (including young adults)", "BOTH children and adults", "Children", "There are no voices"], "target": ["Girls/women", "Boys/men"]}, "which_embeddings": "openl3_music", "drop_non_significant": true}}