{"f1": {"voice_gender": {"mean": 0.8298472250543092, "std": 0.047310064132964555}, "voice_exagg": {"mean": 0.7141956639708604, "std": 0.034754663901474706}, "voice_type": {"mean": 0.7536281890769897, "std": 0.05849013429641643}, "voice_age": {"mean": 0.7933902462188632, "std": 0.05468097277962829}, "target": {"mean": 0.6765023671448442, "std": 0.05512681657793152}}, "r2": {"Electric/Acoustic": {"mean": 0.27159011995417937, "std": 0.12212069572383526}, "Distorted/Clear": {"mean": 0.46299271632093825, "std": 0.10546734901389306}, "Many/Few Instruments": {"mean": 0.09534920444660697, "std": 0.11596018024716183}, "Loud/Soft": {"mean": 0.38496549218545795, "std": 0.08939685161349112}, "Heavy/Light": {"mean": 0.6184748440524562, "std": 0.07763898166418365}, "High/Low pitch": {"mean": 0.4221166196575225, "std": 0.1057493386538243}, "Punchy/Smooth": {"mean": 0.40091215331642177, "std": 0.09731950688018044}, "Harmonious/Disharmonious": {"mean": 0.3366143491604761, "std": 0.08754042948358885}, "Clear melody/No melody": {"mean": 0.2874112703733321, "std": 0.08740527848223842}, "Complex/Simple rhythm": {"mean": 0.1029227954346673, "std": 0.12327832133656487}, "Dense/Sparse": {"mean": 0.38202624913526867, "std": 0.10058550381322222}, "Strong beat/Weak beat": {"mean": 0.31356507761095165, "std": 0.11281033400771324}, "Happy": {"mean": 0.3152626361346539, "std": 0.16182885154892984}, "Beauty": {"mean": 0.4131057428664952, "std": 0.10456235624454764}, "Calm": {"mean": 0.39634048618598205, "std": 0.11855046135978778}, "Energizing": {"mean": 0.3169479726038243, "std": 0.11675257205250164}, "Angry": {"mean": 0.5221274161800296, "std": 0.15453461577093944}, "Triumphant": {"mean": 0.1488939499134538, "std": 0.09914002025873127}}, "pearson": {"Electric/Acoustic": {"mean": 0.555440046457438, "std": 0.10370932175275363, "ratio_significant": 1.0}, "Distorted/Clear": {"mean": 0.6968513197606265, "std": 0.07068946442010204, "ratio_significant": 1.0}, "Many/Few Instruments": {"mean": 0.3848484299241982, "std": 0.11662281929984517, "ratio_significant": 0.52}, "Loud/Soft": {"mean": 0.6540821817240964, "std": 0.06014243570508099, "ratio_significant": 1.0}, "Heavy/Light": {"mean": 0.807788033533158, "std": 0.03435380613571372, "ratio_significant": 1.0}, "High/Low pitch": {"mean": 0.6766688566933596, "std": 0.07603838657280539, "ratio_significant": 1.0}, "Punchy/Smooth": {"mean": 0.6677106003120072, "std": 0.06509752531077305, "ratio_significant": 1.0}, "Harmonious/Disharmonious": {"mean": 0.6133379116209785, "std": 0.07200499611160888, "ratio_significant": 1.0}, "Clear melody/No melody": {"mean": 0.5710460957547522, "std": 0.07233067778374035, "ratio_significant": 1.0}, "Complex/Simple rhythm": {"mean": 0.4028556351583793, "std": 0.1093407072071174, "ratio_significant": 0.6}, "Dense/Sparse": {"mean": 0.6609756086449303, "std": 0.05779064922144976, "ratio_significant": 1.0}, "Strong beat/Weak beat": {"mean": 0.6059553865555158, "std": 0.08508522692921679, "ratio_significant": 1.0}, "Happy": {"mean": 0.6120398862400941, "std": 0.09351517179976913, "ratio_significant": 1.0}, "Beauty": {"mean": 0.6795827533680466, "std": 0.06368165654246556, "ratio_significant": 1.0}, "Calm": {"mean": 0.6662549169985884, "std": 0.07981096355216666, "ratio_significant": 1.0}, "Energizing": {"mean": 0.6063995688476005, "std": 0.0686428168206115, "ratio_significant": 1.0}, "Angry": {"mean": 0.7372078652885986, "std": 0.09572130976050168, "ratio_significant": 1.0}, "Triumphant": {"mean": 0.44366865099049163, "std": 0.09623268777887026, "ratio_significant": 1.0}}, "average": {"mid_r2": {"mean": 0.33991174097068994, "std": 0.10210606424332479}, "mid_pears": {"mean": 0.6081300088449534, "std": 0.07693383470418393}, "emo_r2": {"mean": 0.3521130339807398, "std": 0.12589481287257293}, "emo_pears": {"mean": 0.6241922736222366, "std": 0.08293410104239747}}, "config": {"modality": "music", "voice": true, "classifications": {"voice_gender": ["Feminine", "Masculine", "BOTH feminine and masculine voices", "There are no voices"], "voice_exagg": ["No, all voices are normal-sounding", "Yes a masculine voice is gender exaggerated", "Yes a feminine voice is gender exaggerated", "There are no voices"], "voice_type": ["BOTH spoken and sung", "Spoken", "Sung", "There are no voices"], "voice_age": ["Adults (including young adults)", "BOTH children and adults", "Children", "There are no voices"], "target": ["Girls/women", "Mixed", "Boys/men"]}, "which_embeddings": "openl3_env", "drop_non_significant": true}}