{"f1": {"voice_gender": {"mean": 0.6856871680957848, "std": 0.06581326036897779}, "voice_exagg": {"mean": 0.5877687129047403, "std": 0.06383942241688809}, "voice_type": {"mean": 0.6782280395542457, "std": 0.06156869050910206}, "voice_age": {"mean": 0.7375604452618787, "std": 0.05266562145649706}, "target": {"mean": 0.8637113366531592, "std": 0.04329735982905491}}, "r2": {"Electric/Acoustic": {"mean": 0.37777520800554143, "std": 0.08915198705608518}, "Distorted/Clear": {"mean": 0.4914342428665812, "std": 0.10819360394463738}, "Many/Few Instruments": {"mean": 0.09738378723287207, "std": 0.15572132218623225}, "Loud/Soft": {"mean": 0.5272019045384314, "std": 0.08962736069318362}, "Heavy/Light": {"mean": 0.6472795479516623, "std": 0.07437678490917599}, "High/Low pitch": {"mean": 0.3015897692944618, "std": 0.16370702841351403}, "Punchy/Smooth": {"mean": 0.5333261634162954, "std": 0.09280708653420333}, "Harmonious/Disharmonious": {"mean": 0.3868167793933829, "std": 0.1621499907288256}, "Clear melody/No melody": {"mean": 0.3428320644457177, "std": 0.12705033819643924}, "Complex/Simple rhythm": {"mean": 0.05338926821252249, "std": 0.14224335650448475}, "Dense/Sparse": {"mean": 0.32154186052527, "std": 0.1803121805586609}, "Strong beat/Weak beat": {"mean": 0.4040229853934877, "std": 0.12825116322598332}, "Happy": {"mean": 0.185287536420661, "std": 0.1723213245723225}, "Beauty": {"mean": 0.2552527110130842, "std": 0.11538656921521136}, "Calm": {"mean": 0.3463387413631485, "std": 0.14589749933849191}, "Energizing": {"mean": 0.20060209221251754, "std": 0.1342396781227934}, "Angry": {"mean": 0.4417202492492567, "std": 0.17941616162248722}, "Triumphant": {"mean": 0.044846495455192405, "std": 0.15028270376238162}}, "pearson": {"Electric/Acoustic": {"mean": 0.6470377456732506, "std": 0.07268606551746049, "ratio_significant": 1.0}, "Distorted/Clear": {"mean": 0.725665002581486, "std": 0.06504414784559408, "ratio_significant": 1.0}, "Many/Few Instruments": {"mean": 0.3889113025256373, "std": 0.12761205044985058, "ratio_significant": 0.64}, "Loud/Soft": {"mean": 0.7469296400378173, "std": 0.062376517813050224, "ratio_significant": 1.0}, "Heavy/Light": {"mean": 0.817710422129599, "std": 0.04688868242593086, "ratio_significant": 1.0}, "High/Low pitch": {"mean": 0.6139849744698076, "std": 0.07856347958117589, "ratio_significant": 1.0}, "Punchy/Smooth": {"mean": 0.7528775597406725, "std": 0.05673463903305274, "ratio_significant": 1.0}, "Harmonious/Disharmonious": {"mean": 0.6694101566768075, "std": 0.05401351852714879, "ratio_significant": 1.0}, "Clear melody/No melody": {"mean": 0.631540598099499, "std": 0.0806218630473511, "ratio_significant": 1.0}, "Complex/Simple rhythm": {"mean": 0.3651549129928346, "std": 0.1073492068015333, "ratio_significant": 0.56}, "Dense/Sparse": {"mean": 0.6125912493981939, "std": 0.09587809971035394, "ratio_significant": 1.0}, "Strong beat/Weak beat": {"mean": 0.6696439971604013, "std": 0.07828154542759873, "ratio_significant": 1.0}, "Happy": {"mean": 0.5226867093449545, "std": 0.11292869474278035, "ratio_significant": 0.96}, "Beauty": {"mean": 0.555972650276365, "std": 0.08458771098050077, "ratio_significant": 1.0}, "Calm": {"mean": 0.6355335376963677, "std": 0.08580998393027411, "ratio_significant": 1.0}, "Energizing": {"mean": 0.5097494400989743, "std": 0.09258193449319263, "ratio_significant": 1.0}, "Angry": {"mean": 0.7121482595962049, "std": 0.09451283190161419, "ratio_significant": 1.0}, "Triumphant": {"mean": 0.33317463077593573, "std": 0.14707707875722043, "ratio_significant": 0.36}}, "average": {"mid_r2": {"mean": 0.3737161317730189, "std": 0.12613268357928545}, "mid_pears": {"mean": 0.6367881301238338, "std": 0.07717081801500837}, "emo_r2": {"mean": 0.2456746376189767, "std": 0.14959065610561464}, "emo_pears": {"mean": 0.5448775379648003, "std": 0.10291637246759709}}, "config": {"modality": "music", "voice": false, "classifications": {"voice_gender": ["Feminine", "Masculine", "BOTH feminine and masculine voices", "There are no voices"], "voice_exagg": ["No, all voices are normal-sounding", "Yes a masculine voice is gender exaggerated", "Yes a feminine voice is gender exaggerated", "There are no voices"], "voice_type": ["BOTH spoken and sung", "Spoken", "Sung", "There are no voices"], "voice_age": ["Adults (including young adults)", "BOTH children and adults", "Children", "There are no voices"], "target": ["Girls/women", "Boys/men"]}, "which_embeddings": "msd", "drop_non_significant": true}}