{"f1": {"voice_gender": {"mean": 0.861147929306878, "std": 0.04351578705351471}, "voice_exagg": {"mean": 0.7237079819635344, "std": 0.05405589328361883}, "voice_type": {"mean": 0.8032888706845255, "std": 0.06017291696422387}, "voice_age": {"mean": 0.7941291923865296, "std": 0.05360284700365435}, "target": {"mean": 0.9461740804532401, "std": 0.03328237143245264}}, "r2": {"Electric/Acoustic": {"mean": 0.27231011756129364, "std": 0.1463780430880085}, "Distorted/Clear": {"mean": 0.38457214443633214, "std": 0.1481577957430398}, "Many/Few Instruments": {"mean": 0.07222770843233099, "std": 0.1324776517175481}, "Loud/Soft": {"mean": 0.4638325587352751, "std": 0.12511727665108266}, "Heavy/Light": {"mean": 0.5644249879618554, "std": 0.07343188406584306}, "High/Low pitch": {"mean": 0.30173167475785045, "std": 0.1545535815638335}, "Punchy/Smooth": {"mean": 0.45262479833728436, "std": 0.1083272712332624}, "Harmonious/Disharmonious": {"mean": 0.3509268128191405, "std": 0.09960323367239206}, "Clear melody/No melody": {"mean": 0.29354922809776157, "std": 0.11930467286001016}, "Complex/Simple rhythm": {"mean": 0.059561090097805976, "std": 0.15643584529522903}, "Dense/Sparse": {"mean": 0.28035892967447923, "std": 0.11305446743844275}, "Strong beat/Weak beat": {"mean": 0.3558148708147054, "std": 0.09090443264738632}, "Happy": {"mean": 0.22723034464794323, "std": 0.15601486324154382}, "Beauty": {"mean": 0.3444888469711069, "std": 0.12531279851150817}, "Calm": {"mean": 0.34600850451015686, "std": 0.10424878409697386}, "Energizing": {"mean": 0.12983946146813785, "std": 0.13923466851637717}, "Angry": {"mean": 0.4063833771869678, "std": 0.1832148543942812}, "Triumphant": {"mean": 0.011242719401511954, "std": 0.11385356019489251}}, "pearson": {"Electric/Acoustic": {"mean": 0.5781924935062029, "std": 0.10557225078157921, "ratio_significant": 1.0}, "Distorted/Clear": {"mean": 0.6546834330547532, "std": 0.09206102300404086, "ratio_significant": 1.0}, "Many/Few Instruments": {"mean": 0.3417869336288261, "std": 0.1294599421503346, "ratio_significant": 0.36}, "Loud/Soft": {"mean": 0.7019363133845572, "std": 0.08111717737356909, "ratio_significant": 1.0}, "Heavy/Light": {"mean": 0.7759462585408388, "std": 0.04377980516790228, "ratio_significant": 1.0}, "High/Low pitch": {"mean": 0.5776979375739907, "std": 0.13852756940030134, "ratio_significant": 0.96}, "Punchy/Smooth": {"mean": 0.6936828395166356, "std": 0.08413621872165636, "ratio_significant": 1.0}, "Harmonious/Disharmonious": {"mean": 0.6155554845959587, "std": 0.08125549727124405, "ratio_significant": 1.0}, "Clear melody/No melody": {"mean": 0.5757161687855263, "std": 0.10799729926185589, "ratio_significant": 0.96}, "Complex/Simple rhythm": {"mean": 0.3884194933316184, "std": 0.07767956031709757, "ratio_significant": 0.72}, "Dense/Sparse": {"mean": 0.5776010543669556, "std": 0.06815431210669047, "ratio_significant": 1.0}, "Strong beat/Weak beat": {"mean": 0.6210864551848386, "std": 0.06671956449111881, "ratio_significant": 1.0}, "Happy": {"mean": 0.5438064104466832, "std": 0.09866276703684755, "ratio_significant": 1.0}, "Beauty": {"mean": 0.624755114477088, "std": 0.08327838029011217, "ratio_significant": 1.0}, "Calm": {"mean": 0.6240317552593089, "std": 0.07891424141673391, "ratio_significant": 1.0}, "Energizing": {"mean": 0.49551292862471397, "std": 0.0780054290334303, "ratio_significant": 1.0}, "Angry": {"mean": 0.6863192642295148, "std": 0.0956736926653378, "ratio_significant": 1.0}, "Triumphant": {"mean": 0.3303701515316394, "std": 0.1184443423574493, "ratio_significant": 0.36}}, "average": {"mid_r2": {"mean": 0.3209945768105096, "std": 0.12231217966467318}, "mid_pears": {"mean": 0.5918587387892251, "std": 0.08970501833728255}, "emo_r2": {"mean": 0.24419887569763735, "std": 0.1369799214925961}, "emo_pears": {"mean": 0.5507992707614914, "std": 0.0921631421333185}}, "config": {"modality": "music", "voice": true, "classifications": {"voice_gender": ["Feminine", "Masculine", "BOTH feminine and masculine voices", "There are no voices"], "voice_exagg": ["No, all voices are normal-sounding", "Yes a masculine voice is gender exaggerated", "Yes a feminine voice is gender exaggerated", "There are no voices"], "voice_type": ["BOTH spoken and sung", "Spoken", "Sung", "There are no voices"], "voice_age": ["Adults (including young adults)", "BOTH children and adults", "Children", "There are no voices"], "target": ["Girls/women", "Boys/men"]}, "which_embeddings": "msd", "drop_non_significant": true}}