{"f1": {"voice_gender": {"mean": 0.7300118238981151, "std": 0.07818303662556834}, "voice_exagg": {"mean": 0.6462795810023944, "std": 0.05796552255194304}, "voice_type": {"mean": 0.7093322665847278, "std": 0.052645307282303086}, "voice_age": {"mean": 0.7871403626424711, "std": 0.04737786248586895}, "target": {"mean": 0.8865830195208187, "std": 0.12063403039819605}}, "r2": {"Electric/Acoustic": {"mean": 0.2835433509290806, "std": 0.12211157696282124}, "Distorted/Clear": {"mean": 0.4574321977508348, "std": 0.130039910153252}, "Many/Few Instruments": {"mean": 0.14426618197059862, "std": 0.1139478121768774}, "Loud/Soft": {"mean": 0.5317669448516729, "std": 0.14904145495212826}, "Heavy/Light": {"mean": 0.6357285791323275, "std": 0.15027300299786922}, "High/Low pitch": {"mean": 0.38152419323970965, "std": 0.12472791422932197}, "Punchy/Smooth": {"mean": 0.49080137155409576, "std": 0.13427653815801208}, "Harmonious/Disharmonious": {"mean": 0.365378030649303, "std": 0.1253439013933074}, "Clear melody/No melody": {"mean": 0.3273131846845848, "std": 0.17127515128687085}, "Complex/Simple rhythm": {"mean": 0.11251782353876333, "std": 0.14002600164288362}, "Dense/Sparse": {"mean": 0.4370321028113372, "std": 0.11980878552233264}, "Strong beat/Weak beat": {"mean": 0.4289553195491035, "std": 0.14686521049662352}, "Happy": {"mean": 0.3095478259321866, "std": 0.11761208006672778}, "Beauty": {"mean": 0.3054598060210068, "std": 0.15826355438933795}, "Calm": {"mean": 0.3483612191507897, "std": 0.1272748905660625}, "Energizing": {"mean": 0.27639742226878905, "std": 0.1260465057168988}, "Angry": {"mean": 0.46315025000478593, "std": 0.12997633659538446}, "Triumphant": {"mean": 0.13950780060525825, "std": 0.0909713474241483}}, "pearson": {"Electric/Acoustic": {"mean": 0.5589646427011525, "std": 0.13300906393961315, "ratio_significant": 0.96}, "Distorted/Clear": {"mean": 0.693173619631308, "std": 0.10601063684547651, "ratio_significant": 1.0}, "Many/Few Instruments": {"mean": 0.43474729106923066, "std": 0.0968152775546013, "ratio_significant": 0.88}, "Loud/Soft": {"mean": 0.7607245893042218, "std": 0.10557218354950103, "ratio_significant": 1.0}, "Heavy/Light": {"mean": 0.8167742850253904, "std": 0.09984784354955234, "ratio_significant": 1.0}, "High/Low pitch": {"mean": 0.6407067643687604, "std": 0.1423031689936537, "ratio_significant": 0.96}, "Punchy/Smooth": {"mean": 0.7157706054029817, "std": 0.1454930926507541, "ratio_significant": 0.96}, "Harmonious/Disharmonious": {"mean": 0.6260126533955614, "std": 0.1474809875376811, "ratio_significant": 0.96}, "Clear melody/No melody": {"mean": 0.6022178139234868, "std": 0.1482742760810133, "ratio_significant": 0.96}, "Complex/Simple rhythm": {"mean": 0.39785271033697833, "std": 0.12408850222827417, "ratio_significant": 0.6}, "Dense/Sparse": {"mean": 0.6838276762674531, "std": 0.08136533798729012, "ratio_significant": 1.0}, "Strong beat/Weak beat": {"mean": 0.6676673030358559, "std": 0.17646128133819738, "ratio_significant": 0.96}, "Happy": {"mean": 0.5974221542269317, "std": 0.0956723126219501, "ratio_significant": 1.0}, "Beauty": {"mean": 0.5781653814629302, "std": 0.15018925777207018, "ratio_significant": 0.96}, "Calm": {"mean": 0.6344904691927051, "std": 0.0840718286337589, "ratio_significant": 1.0}, "Energizing": {"mean": 0.5588083689394692, "std": 0.13714134365598804, "ratio_significant": 0.96}, "Angry": {"mean": 0.6744300967361078, "std": 0.1870676884030253, "ratio_significant": 0.96}, "Triumphant": {"mean": 0.4366416949860023, "std": 0.13494825239418987, "ratio_significant": 0.96}}, "average": {"mid_r2": {"mean": 0.38302160672178426, "std": 0.13564477166435837}, "mid_pears": {"mean": 0.6332033295385318, "std": 0.12556013768796737}, "emo_r2": {"mean": 0.30707072066380275, "std": 0.12502411912642664}, "emo_pears": {"mean": 0.5799930275906909, "std": 0.13151511391349704}}, "config": {"modality": "music", "voice": false, "classifications": {"voice_gender": ["Feminine", "Masculine", "BOTH feminine and masculine voices", "There are no voices"], "voice_exagg": ["No, all voices are normal-sounding", "Yes a masculine voice is gender exaggerated", "Yes a feminine voice is gender exaggerated", "There are no voices"], "voice_type": ["BOTH spoken and sung", "Spoken", "Sung", "There are no voices"], "voice_age": ["Adults (including young adults)", "BOTH children and adults", "Children", "There are no voices"], "target": ["Girls/women", "Boys/men"]}, "which_embeddings": "openl3_env", "drop_non_significant": true}}