{"f1": {"voice_gender": {"mean": 0.8718821883302843, "std": 0.038654848682365565}, "voice_exagg": {"mean": 0.7184563059667773, "std": 0.049491740548902166}, "voice_type": {"mean": 0.793269228818849, "std": 0.05565963131437822}, "voice_age": {"mean": 0.793947585867852, "std": 0.05116891605379925}, "target": {"mean": 0.6556128872914349, "std": 0.05404481770461476}}, "r2": {"Electric/Acoustic": {"mean": 0.34050802918998996, "std": 0.0760225804134875}, "Distorted/Clear": {"mean": 0.40615835091067404, "std": 0.10503735308057877}, "Many/Few Instruments": {"mean": 0.03697636418158247, "std": 0.10366408298988691}, "Loud/Soft": {"mean": 0.472103721029962, "std": 0.09715728730227104}, "Heavy/Light": {"mean": 0.5878952749824917, "std": 0.08958884126560186}, "High/Low pitch": {"mean": 0.292621306954154, "std": 0.12381277622736286}, "Punchy/Smooth": {"mean": 0.437045223878745, "std": 0.12702275498342794}, "Harmonious/Disharmonious": {"mean": 0.36207065347426015, "std": 0.09448665461974756}, "Clear melody/No melody": {"mean": 0.3171566694777295, "std": 0.10641046972457507}, "Complex/Simple rhythm": {"mean": 0.03896115806565452, "std": 0.1469699547948205}, "Dense/Sparse": {"mean": 0.24964219749368588, "std": 0.10185895350913263}, "Strong beat/Weak beat": {"mean": 0.3243318486708897, "std": 0.09744062535676534}, "Happy": {"mean": 0.2054471025542358, "std": 0.18967002798223676}, "Beauty": {"mean": 0.3342195055491172, "std": 0.12392729232786368}, "Calm": {"mean": 0.33767930951936365, "std": 0.09503970613981036}, "Energizing": {"mean": 0.13190355252095806, "std": 0.13035348184209478}, "Angry": {"mean": 0.4734169315346122, "std": 0.10692920157049392}, "Triumphant": {"mean": 0.040036956820149, "std": 0.08585646504363223}}, "pearson": {"Electric/Acoustic": {"mean": 0.614729262299186, "std": 0.06304639867538545, "ratio_significant": 1.0}, "Distorted/Clear": {"mean": 0.6665590161558482, "std": 0.07724215083903141, "ratio_significant": 1.0}, "Many/Few Instruments": {"mean": 0.3473884337098294, "std": 0.10974586127147937, "ratio_significant": 0.48}, "Loud/Soft": {"mean": 0.7035312377110564, "std": 0.06801935372076966, "ratio_significant": 1.0}, "Heavy/Light": {"mean": 0.780430500598967, "std": 0.05549058812915538, "ratio_significant": 1.0}, "High/Low pitch": {"mean": 0.5862072818917995, "std": 0.06438868458797256, "ratio_significant": 1.0}, "Punchy/Smooth": {"mean": 0.6820889431288903, "std": 0.07876011941163624, "ratio_significant": 1.0}, "Harmonious/Disharmonious": {"mean": 0.6254892380665438, "std": 0.062110005200207825, "ratio_significant": 1.0}, "Clear melody/No melody": {"mean": 0.5909809668927877, "std": 0.07798470334715102, "ratio_significant": 1.0}, "Complex/Simple rhythm": {"mean": 0.3745187364971931, "std": 0.0895598088533704, "ratio_significant": 0.68}, "Dense/Sparse": {"mean": 0.563116367198636, "std": 0.0664718903734489, "ratio_significant": 1.0}, "Strong beat/Weak beat": {"mean": 0.5935129358292494, "std": 0.0806743633558028, "ratio_significant": 1.0}, "Happy": {"mean": 0.5449046298859578, "std": 0.10943903423051585, "ratio_significant": 1.0}, "Beauty": {"mean": 0.6322400589368485, "std": 0.07872402068533171, "ratio_significant": 1.0}, "Calm": {"mean": 0.6250130359022186, "std": 0.06058687980620521, "ratio_significant": 1.0}, "Energizing": {"mean": 0.46612925641203534, "std": 0.08997968712519519, "ratio_significant": 1.0}, "Angry": {"mean": 0.7164253985644865, "std": 0.07279720896528256, "ratio_significant": 1.0}, "Triumphant": {"mean": 0.3457570091170774, "std": 0.09108873933333636, "ratio_significant": 0.24}}, "average": {"mid_r2": {"mean": 0.3221225665258182, "std": 0.10578936118897149}, "mid_pears": {"mean": 0.594046076664999, "std": 0.07445782731378427}, "emo_r2": {"mean": 0.2537838930830727, "std": 0.1219626958176886}, "emo_pears": {"mean": 0.5550782314697706, "std": 0.08376926169097781}}, "config": {"modality": "music", "voice": true, "classifications": {"voice_gender": ["Feminine", "Masculine", "BOTH feminine and masculine voices", "There are no voices"], "voice_exagg": ["No, all voices are normal-sounding", "Yes a masculine voice is gender exaggerated", "Yes a feminine voice is gender exaggerated", "There are no voices"], "voice_type": ["BOTH spoken and sung", "Spoken", "Sung", "There are no voices"], "voice_age": ["Adults (including young adults)", "BOTH children and adults", "Children", "There are no voices"], "target": ["Girls/women", "Mixed", "Boys/men"]}, "which_embeddings": "msd", "drop_non_significant": true}}