{"f1": {"voice_gender": {"mean": 0.6645198323376751, "std": 0.07002011654642605}, "voice_exagg": {"mean": 0.5604285075521256, "std": 0.05060922324692087}, "voice_type": {"mean": 0.6514226586468106, "std": 0.05393485198688902}, "voice_age": {"mean": 0.7423585338978783, "std": 0.050500353948432816}, "target": {"mean": 0.8040760136992167, "std": 0.06711783626637666}}, "r2": {"Electric/Acoustic": {"mean": 0.1545571723225565, "std": 0.1113259192662833}, "Distorted/Clear": {"mean": 0.15195245177320907, "std": 0.11299865562275291}, "Many/Few Instruments": {"mean": -0.05171231982959076, "std": 0.1666511482008649}, "Loud/Soft": {"mean": 0.5217573880493055, "std": 0.12965616960759319}, "Heavy/Light": {"mean": 0.37831088620465936, "std": 0.20085138566651423}, "High/Low pitch": {"mean": 0.05938008853565498, "std": 0.15740487377056642}, "Punchy/Smooth": {"mean": 0.31960485733287275, "std": 0.1599933288071468}, "Harmonious/Disharmonious": {"mean": -0.00014531598466827945, "std": 0.15739314625896483}, "Clear melody/No melody": {"mean": 0.03951930100306176, "std": 0.21181334395824106}, "Complex/Simple rhythm": {"mean": -0.2184588683406005, "std": 0.485264407695638}, "Dense/Sparse": {"mean": 0.24320335549636612, "std": 0.2205925477556554}, "Strong beat/Weak beat": {"mean": 0.3244343760162649, "std": 0.12409922621894062}, "Happy": {"mean": 0.008249699299992792, "std": 0.18343319466310315}, "Beauty": {"mean": 0.033230775744057514, "std": 0.1942182557795687}, "Calm": {"mean": 0.07523637938763882, "std": 0.1819293033472062}, "Energizing": {"mean": 0.058628699135561464, "std": 0.17989992105902144}, "Angry": {"mean": 0.14596439048858897, "std": 0.18616541556999205}, "Triumphant": {"mean": -0.049125529626732674, "std": 0.25105116529441873}}, "pearson": {"Electric/Acoustic": {"mean": 0.44989485733495493, "std": 0.07643472711515759, "ratio_significant": 1.0}, "Distorted/Clear": {"mean": 0.4803601819142697, "std": 0.0979036630342824, "ratio_significant": 1.0}, "Many/Few Instruments": {"mean": 0.3197781917516264, "std": 0.106388782232583, "ratio_significant": 0.44}, "Loud/Soft": {"mean": 0.7448138517289798, "std": 0.07625830160758555, "ratio_significant": 1.0}, "Heavy/Light": {"mean": 0.6382671395918691, "std": 0.1891649622434388, "ratio_significant": 0.96}, "High/Low pitch": {"mean": 0.3962998805430661, "std": 0.10701646365489069, "ratio_significant": 0.76}, "Punchy/Smooth": {"mean": 0.6165995269381813, "std": 0.0867361161209723, "ratio_significant": 1.0}, "Harmonious/Disharmonious": {"mean": 0.3247606647370768, "std": 0.13951291070527386, "ratio_significant": 0.48}, "Clear melody/No melody": {"mean": 0.3667940689048575, "std": 0.13077988803494414, "ratio_significant": 0.52}, "Complex/Simple rhythm": {"mean": 0.27502227363383325, "std": 0.11486208921855698, "ratio_significant": 0.16}, "Dense/Sparse": {"mean": 0.6058099709349682, "std": 0.09104277628937742, "ratio_significant": 1.0}, "Strong beat/Weak beat": {"mean": 0.5995698209441506, "std": 0.08726426739600318, "ratio_significant": 1.0}, "Happy": {"mean": 0.34083365594489345, "std": 0.13383750240193903, "ratio_significant": 0.52}, "Beauty": {"mean": 0.3862624839820635, "std": 0.1341228815091494, "ratio_significant": 0.52}, "Calm": {"mean": 0.4162625659467146, "std": 0.14122255747151774, "ratio_significant": 0.8}, "Energizing": {"mean": 0.3788271742699103, "std": 0.1114530859036309, "ratio_significant": 0.6}, "Angry": {"mean": 0.4639147864382609, "std": 0.11655001880865606, "ratio_significant": 0.88}, "Triumphant": {"mean": 0.26135231773385886, "std": 0.11532668475318822, "ratio_significant": 0.16}}, "average": {"mid_r2": {"mean": 0.16020028104825762, "std": 0.1865036794024301}, "mid_pears": {"mean": 0.48483086907981954, "std": 0.10861374563775548}, "emo_r2": {"mean": 0.045364069071517826, "std": 0.1961162092855517}, "emo_pears": {"mean": 0.3745754973859502, "std": 0.12541878847468024}}, "config": {"modality": "music", "voice": false, "classifications": {"voice_gender": ["Feminine", "Masculine", "BOTH feminine and masculine voices", "There are no voices"], "voice_exagg": ["No, all voices are normal-sounding", "Yes a masculine voice is gender exaggerated", "Yes a feminine voice is gender exaggerated", "There are no voices"], "voice_type": ["BOTH spoken and sung", "Spoken", "Sung", "There are no voices"], "voice_age": ["Adults (including young adults)", "BOTH children and adults", "Children", "There are no voices"], "target": ["Girls/women", "Boys/men"]}, "which_embeddings": "mfcc", "drop_non_significant": true}}