{"f1": {"voice_gender": {"mean": 0.7428472182119057, "std": 0.058023874460841084}, "voice_exagg": {"mean": 0.6605453828421569, "std": 0.05242114864446777}, "voice_type": {"mean": 0.7180497888289148, "std": 0.05818713751519662}, "voice_age": {"mean": 0.8021123151980906, "std": 0.06216518977456191}, "target": {"mean": 0.6249147661011897, "std": 0.06719120052059488}}, "r2": {"Electric/Acoustic": {"mean": 0.30862889596661636, "std": 0.10467616023863442}, "Distorted/Clear": {"mean": 0.49883089282714566, "std": 0.08917786680457006}, "Many/Few Instruments": {"mean": 0.12698406368551846, "std": 0.10003692864733207}, "Loud/Soft": {"mean": 0.558402277824952, "std": 0.08593330764750677}, "Heavy/Light": {"mean": 0.6783184955873419, "std": 0.048975410639018425}, "High/Low pitch": {"mean": 0.3885675265490335, "std": 0.16821913420204634}, "Punchy/Smooth": {"mean": 0.5029945806165275, "std": 0.0771558013353728}, "Harmonious/Disharmonious": {"mean": 0.3889177001168659, "std": 0.10227354277717476}, "Clear melody/No melody": {"mean": 0.38567391553775837, "std": 0.10724576248760637}, "Complex/Simple rhythm": {"mean": 0.1279239707201253, "std": 0.14458863193749388}, "Dense/Sparse": {"mean": 0.43754882251107774, "std": 0.07977436548263865}, "Strong beat/Weak beat": {"mean": 0.43401222126127076, "std": 0.1261774915647426}, "Happy": {"mean": 0.2792010670773971, "std": 0.1606903952000675}, "Beauty": {"mean": 0.3319072011828799, "std": 0.09759188518960284}, "Calm": {"mean": 0.38129128751105923, "std": 0.08557137195765745}, "Energizing": {"mean": 0.29518405191862124, "std": 0.10153168133880906}, "Angry": {"mean": 0.45889576732986315, "std": 0.1008673822982107}, "Triumphant": {"mean": 0.15264908074262165, "std": 0.10946066028656919}}, "pearson": {"Electric/Acoustic": {"mean": 0.5832824960835074, "std": 0.07384360557815825, "ratio_significant": 1.0}, "Distorted/Clear": {"mean": 0.7275613756498067, "std": 0.040865179856628325, "ratio_significant": 1.0}, "Many/Few Instruments": {"mean": 0.4198936006499694, "std": 0.08927598822603051, "ratio_significant": 0.96}, "Loud/Soft": {"mean": 0.7634049996686287, "std": 0.04975027250657296, "ratio_significant": 1.0}, "Heavy/Light": {"mean": 0.8347197756082272, "std": 0.029155878152227564, "ratio_significant": 1.0}, "High/Low pitch": {"mean": 0.6689185247618867, "std": 0.06569084996821602, "ratio_significant": 1.0}, "Punchy/Smooth": {"mean": 0.7343475234267076, "std": 0.04278200855328945, "ratio_significant": 1.0}, "Harmonious/Disharmonious": {"mean": 0.6587646177611858, "std": 0.07102329523222878, "ratio_significant": 1.0}, "Clear melody/No melody": {"mean": 0.6438636961889543, "std": 0.07792113205308145, "ratio_significant": 1.0}, "Complex/Simple rhythm": {"mean": 0.4355679503297904, "std": 0.1356892487269684, "ratio_significant": 0.8}, "Dense/Sparse": {"mean": 0.6956752507843637, "std": 0.048883635988207746, "ratio_significant": 1.0}, "Strong beat/Weak beat": {"mean": 0.6920630809603339, "std": 0.06892721762537765, "ratio_significant": 1.0}, "Happy": {"mean": 0.5713726226020082, "std": 0.11432851855806499, "ratio_significant": 1.0}, "Beauty": {"mean": 0.6007311185044805, "std": 0.06264616640001043, "ratio_significant": 1.0}, "Calm": {"mean": 0.6421888182348483, "std": 0.05921280804023649, "ratio_significant": 1.0}, "Energizing": {"mean": 0.5965541205453213, "std": 0.06763457571203645, "ratio_significant": 1.0}, "Angry": {"mean": 0.6987849912389028, "std": 0.06896670388882792, "ratio_significant": 1.0}, "Triumphant": {"mean": 0.4483841186632902, "std": 0.10308404679373595, "ratio_significant": 0.96}}, "average": {"mid_r2": {"mean": 0.40306694693368605, "std": 0.10285286698034475}, "mid_pears": {"mean": 0.6548385743227801, "std": 0.06615069270558227}, "emo_r2": {"mean": 0.31652140929374034, "std": 0.10928556271181945}, "emo_pears": {"mean": 0.5930026316314752, "std": 0.07931213656548537}}, "config": {"modality": "music", "voice": false, "classifications": {"voice_gender": ["Feminine", "Masculine", "BOTH feminine and masculine voices", "There are no voices"], "voice_exagg": ["No, all voices are normal-sounding", "Yes a masculine voice is gender exaggerated", "Yes a feminine voice is gender exaggerated", "There are no voices"], "voice_type": ["BOTH spoken and sung", "Spoken", "Sung", "There are no voices"], "voice_age": ["Adults (including young adults)", "BOTH children and adults", "Children", "There are no voices"], "target": ["Girls/women", "Mixed", "Boys/men"]}, "which_embeddings": "openl3_env", "drop_non_significant": true}}