{"Happy": [4.560980138778686, 5.061236453056336], "Beauty": [2.719056053161621, 3.3804884719848634], "Calm": [2.2170367360115053, 2.718956139087677], "Energizing": [4.104002532958984, 4.683055453300476], "Angry": [1.3093424880504607, 1.8182723462581636], "Triumphant": [2.8845975828170776, 3.266928007602692], "Electric/Acoustic": [2.652355320453644, 3.267971303462982], "Distorted/Clear": [3.879735291004181, 4.774837203025818], "Many/Few Instruments": [4.084760394096374, 4.360922660827637], "Loud/Soft": [3.26982919216156, 3.9839218854904175], "Heavy/Light": [3.56833393573761, 4.734702067375183], "High/Low pitch": [3.4263090443611146, 4.109130382537842], "Punchy/Smooth": [2.846617567539215, 3.396593313217163], "Harmonious/Disharmonious": [3.0555508828163145, 3.772284450531006], "Clear melody/No melody": [3.1387043046951293, 3.901149332523346], "Complex/Simple rhythm": [4.431580276489258, 4.723428626060486], "Dense/Sparse": [3.5035762715339662, 3.9868394780158996], "Strong beat/Weak beat": [3.045736949443817, 3.608702628612518]}