{"Happy": [4.318880705833435, 5.009625630378723], "Beauty": [2.8575562238693237, 3.3860508489608763], "Calm": [2.1664785361289978, 2.949266231060028], "Energizing": [3.7111071014404295, 4.480649719238281], "Angry": [1.207882331609726, 1.7514582884311676], "Triumphant": [2.8151885771751406, 3.2565895080566407], "Electric/Acoustic": [2.6040723967552184, 3.4224920797348024], "Distorted/Clear": [3.8471224951744087, 4.875210194587708], "Many/Few Instruments": [3.852998130321503, 4.329758343696594], "Loud/Soft": [2.840386528968811, 3.917632336616516], "Heavy/Light": [3.284911870956421, 4.707678856849671], "High/Low pitch": [3.3669723653793335, 4.089385437965393], "Punchy/Smooth": [2.608005645275116, 3.353146827220917], "Harmonious/Disharmonious": [2.734329495429993, 3.437046403884888], "Clear melody/No melody": [2.7815761804580688, 3.4980619096755983], "Complex/Simple rhythm": [4.230531892776489, 4.608866457939148], "Dense/Sparse": [3.1806351780891418, 3.945498912334442], "Strong beat/Weak beat": [2.6274981975555423, 3.425131094455719]}