{"Happy": [4.218634543418885, 4.853979244232177], "Beauty": [3.044410240650177, 3.6473320174217223], "Calm": [2.3544135093688965, 2.833514218330383], "Energizing": [3.6161723136901855, 4.32206428527832], "Angry": [1.3155683541297913, 1.8101155459880829], "Triumphant": [2.9705565404891967, 3.4253258085250855], "Electric/Acoustic": [2.4375663495063784, 3.3792719078063964], "Distorted/Clear": [3.797081189155579, 4.8953470563888555], "Many/Few Instruments": [4.176966190338135, 4.493861103057862], "Loud/Soft": [2.756068685054779, 3.650320863723755], "Heavy/Light": [3.277031660079956, 4.565156254768372], "High/Low pitch": [3.692921850681305, 4.492313408851624], "Punchy/Smooth": [2.4269891715049745, 3.1610937786102293], "Harmonious/Disharmonious": [2.833543539047241, 3.487486834526062], "Clear melody/No melody": [2.7057040596008304, 3.321434028148651], "Complex/Simple rhythm": [4.443735933303833, 4.7805516815185545], "Dense/Sparse": [3.301185336112976, 3.9273835158348085], "Strong beat/Weak beat": [2.4556902074813847, 3.128195867538452]}