{"Happy": [4.498254451751709, 5.019136543273926], "Beauty": [2.861842179298401, 3.76413777589798], "Calm": [2.236609389781952, 2.689872329235077], "Energizing": [3.993435082435608, 4.561931557655335], "Angry": [1.377797441482544, 1.9375708782672882], "Triumphant": [3.003129062652588, 3.4645949363708497], "Electric/Acoustic": [2.4877596354484557, 3.2060153532028197], "Distorted/Clear": [3.861004750728607, 4.838633518218995], "Many/Few Instruments": [4.229617595672607, 4.502453322410584], "Loud/Soft": [2.9873369908332825, 3.7362655067443846], "Heavy/Light": [3.349351096153259, 4.609684185981751], "High/Low pitch": [3.732700915336609, 4.540099167823792], "Punchy/Smooth": [2.6070825910568236, 3.2107520699501038], "Harmonious/Disharmonious": [3.058854384422302, 3.810506091117859], "Clear melody/No melody": [2.977516233921051, 3.673593716621399], "Complex/Simple rhythm": [4.6054043960571285, 4.836536555290222], "Dense/Sparse": [3.49383460521698, 3.942143394947052], "Strong beat/Weak beat": [2.7754583311080934, 3.291246712207794]}