{"f1": {"voice_gender": {"mean": 0.7996876871385287, "std": 0.045315082993951546}, "voice_exagg": {"mean": 0.7222502285002627, "std": 0.0626122243730853}, "voice_type": {"mean": 0.7581948629942932, "std": 0.04436121370239962}, "voice_age": {"mean": 0.7990727340304601, "std": 0.042647392294277456}, "target": {"mean": 0.9485264692335241, "std": 0.03526640384192008}}, "r2": {"Electric/Acoustic": {"mean": 0.28655134238359703, "std": 0.11835497172526016}, "Distorted/Clear": {"mean": 0.4605310008711939, "std": 0.06876876023623327}, "Many/Few Instruments": {"mean": 0.10005615484934197, "std": 0.23229719149089326}, "Loud/Soft": {"mean": 0.41969845623639374, "std": 0.07836774918654214}, "Heavy/Light": {"mean": 0.6183955778173305, "std": 0.058457730786264525}, "High/Low pitch": {"mean": 0.39380267461333296, "std": 0.10937448371449668}, "Punchy/Smooth": {"mean": 0.38509085184465186, "std": 0.13175637204125376}, "Harmonious/Disharmonious": {"mean": 0.3589812472695337, "std": 0.10672412738566507}, "Clear melody/No melody": {"mean": 0.32130639349944146, "std": 0.12286477797260306}, "Complex/Simple rhythm": {"mean": 0.15145730570511323, "std": 0.16775695227630288}, "Dense/Sparse": {"mean": 0.35929464230897934, "std": 0.1719132261274664}, "Strong beat/Weak beat": {"mean": 0.30868774924297715, "std": 0.11270626726079427}, "Happy": {"mean": 0.3312871976637108, "std": 0.13401753293789623}, "Beauty": {"mean": 0.40267667352534003, "std": 0.11479123811454356}, "Calm": {"mean": 0.38244549217447327, "std": 0.1076723648559474}, "Energizing": {"mean": 0.2772019809422389, "std": 0.13367045191661237}, "Angry": {"mean": 0.49819354739793453, "std": 0.1796981684275602}, "Triumphant": {"mean": 0.1607935726878631, "std": 0.13765424022545517}}, "pearson": {"Electric/Acoustic": {"mean": 0.5652496921533239, "std": 0.091642236603779, "ratio_significant": 1.0}, "Distorted/Clear": {"mean": 0.6961877503405276, "std": 0.04554533385800674, "ratio_significant": 1.0}, "Many/Few Instruments": {"mean": 0.42926575104829306, "std": 0.10814418567722865, "ratio_significant": 0.92}, "Loud/Soft": {"mean": 0.6760043685719307, "std": 0.05027871696391476, "ratio_significant": 1.0}, "Heavy/Light": {"mean": 0.8048023343590732, "std": 0.03380442291648881, "ratio_significant": 1.0}, "High/Low pitch": {"mean": 0.6715474797735641, "std": 0.06812481213751548, "ratio_significant": 1.0}, "Punchy/Smooth": {"mean": 0.6555157056415353, "std": 0.08817877843986459, "ratio_significant": 1.0}, "Harmonious/Disharmonious": {"mean": 0.6359829009026136, "std": 0.06819005815359327, "ratio_significant": 1.0}, "Clear melody/No melody": {"mean": 0.6048128532657726, "std": 0.07301901738712323, "ratio_significant": 1.0}, "Complex/Simple rhythm": {"mean": 0.45179487795997786, "std": 0.11849606880134722, "ratio_significant": 0.8}, "Dense/Sparse": {"mean": 0.6599199221947508, "std": 0.07036866258219311, "ratio_significant": 1.0}, "Strong beat/Weak beat": {"mean": 0.6092735282688132, "std": 0.09241882635056511, "ratio_significant": 1.0}, "Happy": {"mean": 0.6114058078422918, "std": 0.08757377507109075, "ratio_significant": 1.0}, "Beauty": {"mean": 0.6507241031153141, "std": 0.07663107924600884, "ratio_significant": 1.0}, "Calm": {"mean": 0.6451185426732811, "std": 0.07537809318477721, "ratio_significant": 1.0}, "Energizing": {"mean": 0.5766999020482941, "std": 0.0795564447463878, "ratio_significant": 1.0}, "Angry": {"mean": 0.7485438788728611, "std": 0.07116234454171458, "ratio_significant": 1.0}, "Triumphant": {"mean": 0.46336850493296183, "std": 0.09193853997515165, "ratio_significant": 1.0}}, "average": {"mid_r2": {"mean": 0.34698778305349054, "std": 0.12327855085031462}, "mid_pears": {"mean": 0.621696430373348, "std": 0.07568425998930166}, "emo_r2": {"mean": 0.34209974406526017, "std": 0.1345839994130025}, "emo_pears": {"mean": 0.6159767899141673, "std": 0.08037337946085514}}, "config": {"modality": "music", "voice": true, "classifications": {"voice_gender": ["Feminine", "Masculine", "BOTH feminine and masculine voices", "There are no voices"], "voice_exagg": ["No, all voices are normal-sounding", "Yes a masculine voice is gender exaggerated", "Yes a feminine voice is gender exaggerated", "There are no voices"], "voice_type": ["BOTH spoken and sung", "Spoken", "Sung", "There are no voices"], "voice_age": ["Adults (including young adults)", "BOTH children and adults", "Children", "There are no voices"], "target": ["Girls/women", "Boys/men"]}, "which_embeddings": "openl3_env", "drop_non_significant": true}}