{"f1": {"voice_gender": {"mean": 0.6733515701087271, "std": 0.050160593174462996}, "voice_exagg": {"mean": 0.5835847156748506, "std": 0.058719782936087726}, "voice_type": {"mean": 0.656497495703586, "std": 0.06267823293443704}, "voice_age": {"mean": 0.7264946355685642, "std": 0.0504349753508637}, "target": {"mean": 0.8702212378027694, "std": 0.0478022675315191}}, "r2": {"Electric/Acoustic": {"mean": 0.38581041296091245, "std": 0.10684034615808478}, "Distorted/Clear": {"mean": 0.4778596474005125, "std": 0.12039009583654624}, "Many/Few Instruments": {"mean": 0.054467655575919996, "std": 0.1481702811926459}, "Loud/Soft": {"mean": 0.48326395882624895, "std": 0.14590477835170437}, "Heavy/Light": {"mean": 0.5939134407863652, "std": 0.11963479132055553}, "High/Low pitch": {"mean": 0.2899566185951487, "std": 0.14366966069871934}, "Punchy/Smooth": {"mean": 0.48798118661695156, "std": 0.12030332187755363}, "Harmonious/Disharmonious": {"mean": 0.38064247439340493, "std": 0.12042388715791245}, "Clear melody/No melody": {"mean": 0.35854031895316074, "std": 0.1300378562661798}, "Complex/Simple rhythm": {"mean": -0.027789512030075066, "std": 0.2085474813650667}, "Dense/Sparse": {"mean": 0.2898058795598728, "std": 0.15499965562353388}, "Strong beat/Weak beat": {"mean": 0.374595525940284, "std": 0.11177966549595424}, "Happy": {"mean": 0.16042834323341473, "std": 0.12398451665867895}, "Beauty": {"mean": 0.27538382860963134, "std": 0.09859123493196181}, "Calm": {"mean": 0.3152134923808867, "std": 0.10328635947002307}, "Energizing": {"mean": 0.20896296686069335, "std": 0.13372474759958877}, "Angry": {"mean": 0.4303900289471622, "std": 0.10061984657943623}, "Triumphant": {"mean": 0.08685941195339193, "std": 0.09978457379002353}}, "pearson": {"Electric/Acoustic": {"mean": 0.6450619515030083, "std": 0.07861935653857315, "ratio_significant": 1.0}, "Distorted/Clear": {"mean": 0.7208913767643308, "std": 0.08009216369391046, "ratio_significant": 1.0}, "Many/Few Instruments": {"mean": 0.36480880964535717, "std": 0.12095355483300953, "ratio_significant": 0.6}, "Loud/Soft": {"mean": 0.7207040597099882, "std": 0.09031515788726664, "ratio_significant": 1.0}, "Heavy/Light": {"mean": 0.7935045664370496, "std": 0.060801422017610296, "ratio_significant": 1.0}, "High/Low pitch": {"mean": 0.5970331986557815, "std": 0.1047189854096112, "ratio_significant": 0.96}, "Punchy/Smooth": {"mean": 0.7262335006504317, "std": 0.07264311084329805, "ratio_significant": 1.0}, "Harmonious/Disharmonious": {"mean": 0.6512462804961711, "std": 0.08088453206971227, "ratio_significant": 1.0}, "Clear melody/No melody": {"mean": 0.6308864136689218, "std": 0.08490917293025291, "ratio_significant": 1.0}, "Complex/Simple rhythm": {"mean": 0.3442128625030863, "std": 0.13127545511401664, "ratio_significant": 0.48}, "Dense/Sparse": {"mean": 0.5951174163767611, "std": 0.09707877900610525, "ratio_significant": 1.0}, "Strong beat/Weak beat": {"mean": 0.655016738123265, "std": 0.06496927405866916, "ratio_significant": 1.0}, "Happy": {"mean": 0.4820643557959161, "std": 0.08524526868271204, "ratio_significant": 1.0}, "Beauty": {"mean": 0.5581803540818193, "std": 0.07210431241251687, "ratio_significant": 1.0}, "Calm": {"mean": 0.5960476140794697, "std": 0.07793202403975678, "ratio_significant": 1.0}, "Energizing": {"mean": 0.5330113574743813, "std": 0.07328594496869999, "ratio_significant": 1.0}, "Angry": {"mean": 0.6819916080770589, "std": 0.06981488697138893, "ratio_significant": 1.0}, "Triumphant": {"mean": 0.3852939746067552, "std": 0.09164165733547726, "ratio_significant": 0.8}}, "average": {"mid_r2": {"mean": 0.34575396729822555, "std": 0.13589181844537143}, "mid_pears": {"mean": 0.6203930978778461, "std": 0.08893841370016962}, "emo_r2": {"mean": 0.2462063453308633, "std": 0.10999854650495205}, "emo_pears": {"mean": 0.5394315440192334, "std": 0.07833734906842531}}, "config": {"modality": "music", "voice": false, "classifications": {"voice_gender": ["Feminine", "Masculine", "BOTH feminine and masculine voices", "There are no voices"], "voice_exagg": ["No, all voices are normal-sounding", "Yes a masculine voice is gender exaggerated", "Yes a feminine voice is gender exaggerated", "There are no voices"], "voice_type": ["BOTH spoken and sung", "Spoken", "Sung", "There are no voices"], "voice_age": ["Adults (including young adults)", "BOTH children and adults", "Children", "There are no voices"], "target": ["Girls/women", "Boys/men"]}, "which_embeddings": "msd", "drop_non_significant": true}}