{"f1": {"voice_gender": {"mean": 0.7131000783899405, "std": 0.04279037659619596}, "voice_exagg": {"mean": 0.5630970027210973, "std": 0.06223386116672626}, "voice_type": {"mean": 0.6709603282646109, "std": 0.05845254259139297}, "voice_age": {"mean": 0.7303336142080344, "std": 0.0441786103342264}, "target": {"mean": 0.4846187801397301, "std": 0.043949939847364144}}, "r2": {"Electric/Acoustic": {"mean": 0.20069048555055222, "std": 0.10520752510308559}, "Distorted/Clear": {"mean": 0.14203593761755437, "std": 0.12614876389799684}, "Many/Few Instruments": {"mean": -0.08724960472151932, "std": 0.15760671670335843}, "Loud/Soft": {"mean": 0.533112750776275, "std": 0.10413066036257483}, "Heavy/Light": {"mean": 0.3996107457993084, "std": 0.1171598803436042}, "High/Low pitch": {"mean": 0.22052428647719644, "std": 0.07646478386261937}, "Punchy/Smooth": {"mean": 0.33120454280184125, "std": 0.13730387253367793}, "Harmonious/Disharmonious": {"mean": -0.08870830927782958, "std": 0.20382612366724812}, "Clear melody/No melody": {"mean": -0.06690866999262875, "std": 0.13153889395528662}, "Complex/Simple rhythm": {"mean": -0.25287951522707913, "std": 0.25885424100030124}, "Dense/Sparse": {"mean": 0.2111403778390977, "std": 0.16566698309499348}, "Strong beat/Weak beat": {"mean": 0.2039324816610558, "std": 0.1403825437479027}, "Happy": {"mean": -0.06447532534737613, "std": 0.24809006140168413}, "Beauty": {"mean": 0.060766371331321345, "std": 0.11830261334922654}, "Calm": {"mean": 0.16983363552489789, "std": 0.1178633923498375}, "Energizing": {"mean": 0.06197414497945383, "std": 0.1255599166843299}, "Angry": {"mean": 0.17057885745301044, "std": 0.1280204453193373}, "Triumphant": {"mean": -0.07052753540794382, "std": 0.15381461455926482}}, "pearson": {"Electric/Acoustic": {"mean": 0.4932709244231512, "std": 0.08783911777667759, "ratio_significant": 1.0}, "Distorted/Clear": {"mean": 0.44816739514345805, "std": 0.1117344440785415, "ratio_significant": 0.8}, "Many/Few Instruments": {"mean": 0.2611738856476536, "std": 0.0976576307704757, "ratio_significant": 0.16}, "Loud/Soft": {"mean": 0.7581882652782568, "std": 0.058415332182759676, "ratio_significant": 1.0}, "Heavy/Light": {"mean": 0.6739798862841847, "std": 0.06470280376022043, "ratio_significant": 1.0}, "High/Low pitch": {"mean": 0.5272659545998818, "std": 0.04659249872095238, "ratio_significant": 1.0}, "Punchy/Smooth": {"mean": 0.6218428315876686, "std": 0.09091499176338756, "ratio_significant": 1.0}, "Harmonious/Disharmonious": {"mean": 0.23887750686343498, "std": 0.10876632785485506, "ratio_significant": 0.12}, "Clear melody/No melody": {"mean": 0.2115405457721762, "std": 0.11944836671233783, "ratio_significant": 0.04}, "Complex/Simple rhythm": {"mean": 0.16237692980013643, "std": 0.13941545018582424, "ratio_significant": 0.0}, "Dense/Sparse": {"mean": 0.5496778587053041, "std": 0.0916062486069906, "ratio_significant": 0.96}, "Strong beat/Weak beat": {"mean": 0.5232928610597316, "std": 0.09398417249574885, "ratio_significant": 1.0}, "Happy": {"mean": 0.3102523894823403, "std": 0.1360378274650516, "ratio_significant": 0.44}, "Beauty": {"mean": 0.3777401718399144, "std": 0.09537780816981159, "ratio_significant": 0.64}, "Calm": {"mean": 0.4838711698889704, "std": 0.09617522471737634, "ratio_significant": 0.96}, "Energizing": {"mean": 0.3976495056230343, "std": 0.09104126841507476, "ratio_significant": 0.72}, "Angry": {"mean": 0.4777006431605908, "std": 0.1056801270218946, "ratio_significant": 1.0}, "Triumphant": {"mean": 0.23242558829829116, "std": 0.1249464685626594, "ratio_significant": 0.12}}, "average": {"mid_r2": {"mean": 0.1455421257753187, "std": 0.14369091568938744}, "mid_pears": {"mean": 0.45580457043041983, "std": 0.09258978207573094}, "emo_r2": {"mean": 0.05469169142222726, "std": 0.14860850727728003}, "emo_pears": {"mean": 0.3799399113821902, "std": 0.10820978739197806}}, "config": {"modality": "music", "voice": true, "classifications": {"voice_gender": ["Feminine", "Masculine", "BOTH feminine and masculine voices", "There are no voices"], "voice_exagg": ["No, all voices are normal-sounding", "Yes a masculine voice is gender exaggerated", "Yes a feminine voice is gender exaggerated", "There are no voices"], "voice_type": ["BOTH spoken and sung", "Spoken", "Sung", "There are no voices"], "voice_age": ["Adults (including young adults)", "BOTH children and adults", "Children", "There are no voices"], "target": ["Girls/women", "Mixed", "Boys/men"]}, "which_embeddings": "mfcc", "drop_non_significant": true}}