{"f1": {"voice_gender": {"mean": 0.8745319073847788, "std": 0.05135577382426111}, "voice_exagg": {"mean": 0.7113939590539675, "std": 0.0514392411289711}, "voice_type": {"mean": 0.8017569244367891, "std": 0.04781349419833984}, "voice_age": {"mean": 0.7893571714280067, "std": 0.058020298622509014}, "target": {"mean": 0.6699375374514648, "std": 0.047429729871531726}}, "r2": {"Electric/Acoustic": {"mean": 0.31666175635347105, "std": 0.1008262269920469}, "Distorted/Clear": {"mean": 0.40113499779668443, "std": 0.08536819004247898}, "Many/Few Instruments": {"mean": 0.07122743356117087, "std": 0.11877495596296402}, "Loud/Soft": {"mean": 0.4873947473313374, "std": 0.08262387965750978}, "Heavy/Light": {"mean": 0.5853442588278832, "std": 0.08956458141881189}, "High/Low pitch": {"mean": 0.2734706425513746, "std": 0.13434066868239258}, "Punchy/Smooth": {"mean": 0.47781727736374974, "std": 0.08436027816283997}, "Harmonious/Disharmonious": {"mean": 0.3218365660513199, "std": 0.14436316803272045}, "Clear melody/No melody": {"mean": 0.3037330419917378, "std": 0.0967874197185452}, "Complex/Simple rhythm": {"mean": 0.08966750178081372, "std": 0.16510719847494815}, "Dense/Sparse": {"mean": 0.3339837038839037, "std": 0.11748878092063644}, "Strong beat/Weak beat": {"mean": 0.3924789440158857, "std": 0.09770034602594325}, "Happy": {"mean": 0.24061033807290197, "std": 0.14312354255095516}, "Beauty": {"mean": 0.3529710731586612, "std": 0.08905230624047424}, "Calm": {"mean": 0.34842753463206927, "std": 0.0966015688932115}, "Energizing": {"mean": 0.18488356071139464, "std": 0.11245056186285807}, "Angry": {"mean": 0.47110411843527544, "std": 0.12441697246046902}, "Triumphant": {"mean": 0.0726418041054139, "std": 0.11425596572802912}}, "pearson": {"Electric/Acoustic": {"mean": 0.5995458801625666, "std": 0.07096719688855133, "ratio_significant": 1.0}, "Distorted/Clear": {"mean": 0.6607030672544931, "std": 0.048251746516045524, "ratio_significant": 1.0}, "Many/Few Instruments": {"mean": 0.3511114429457591, "std": 0.12297021331014821, "ratio_significant": 0.56}, "Loud/Soft": {"mean": 0.7149107101345364, "std": 0.04857129684286005, "ratio_significant": 1.0}, "Heavy/Light": {"mean": 0.7806523217230371, "std": 0.04800839012341082, "ratio_significant": 1.0}, "High/Low pitch": {"mean": 0.5875968826041891, "std": 0.07833493858626205, "ratio_significant": 1.0}, "Punchy/Smooth": {"mean": 0.7164872302922243, "std": 0.05519330319668184, "ratio_significant": 1.0}, "Harmonious/Disharmonious": {"mean": 0.6266669826791831, "std": 0.06487005392022398, "ratio_significant": 1.0}, "Clear melody/No melody": {"mean": 0.6013133172681966, "std": 0.04900825998581509, "ratio_significant": 1.0}, "Complex/Simple rhythm": {"mean": 0.4075789030538272, "std": 0.10383334689591593, "ratio_significant": 0.72}, "Dense/Sparse": {"mean": 0.6142694219721018, "std": 0.08145983487247746, "ratio_significant": 1.0}, "Strong beat/Weak beat": {"mean": 0.6528991689012231, "std": 0.06488219851400703, "ratio_significant": 1.0}, "Happy": {"mean": 0.542661999801326, "std": 0.09787210184490673, "ratio_significant": 1.0}, "Beauty": {"mean": 0.6233873075625348, "std": 0.05202544543495373, "ratio_significant": 1.0}, "Calm": {"mean": 0.6179834169658905, "std": 0.07399257961928228, "ratio_significant": 1.0}, "Energizing": {"mean": 0.5000377693816944, "std": 0.07721181447489685, "ratio_significant": 1.0}, "Angry": {"mean": 0.7124922585316997, "std": 0.08253490333209665, "ratio_significant": 1.0}, "Triumphant": {"mean": 0.3649252441283581, "std": 0.08915479072636517, "ratio_significant": 0.48}}, "average": {"mid_r2": {"mean": 0.337895905959111, "std": 0.10977547450765313}, "mid_pears": {"mean": 0.6094779440826115, "std": 0.0696958983043666}, "emo_r2": {"mean": 0.2784397381859528, "std": 0.11331681962266617}, "emo_pears": {"mean": 0.5602479993952506, "std": 0.0787986059054169}}, "config": {"modality": "music", "voice": true, "classifications": {"voice_gender": ["Feminine", "Masculine", "BOTH feminine and masculine voices", "There are no voices"], "voice_exagg": ["No, all voices are normal-sounding", "Yes a masculine voice is gender exaggerated", "Yes a feminine voice is gender exaggerated", "There are no voices"], "voice_type": ["BOTH spoken and sung", "Spoken", "Sung", "There are no voices"], "voice_age": ["Adults (including young adults)", "BOTH children and adults", "Children", "There are no voices"], "target": ["Girls/women", "Mixed", "Boys/men"]}, "which_embeddings": "msd", "drop_non_significant": true}}