{"f1": {"voice_gender": {"mean": 0.7282033726022956, "std": 0.05050023815903433}, "voice_exagg": {"mean": 0.6872906301300473, "std": 0.06531697356294035}, "voice_type": {"mean": 0.7303838392992218, "std": 0.04508732362507889}, "voice_age": {"mean": 0.7858709579023605, "std": 0.07861851159637331}, "target": {"mean": 0.642047624206686, "std": 0.06817865107428508}}, "r2": {"Electric/Acoustic": {"mean": 0.39550866980634775, "std": 0.11843634975753659}, "Distorted/Clear": {"mean": 0.5081601242798458, "std": 0.0922940776346508}, "Many/Few Instruments": {"mean": 0.16238862492396947, "std": 0.10156165267374741}, "Loud/Soft": {"mean": 0.5622981153426896, "std": 0.09490834786875749}, "Heavy/Light": {"mean": 0.6783617819320553, "std": 0.07691584583240403}, "High/Low pitch": {"mean": 0.3902873410981778, "std": 0.12103077776813143}, "Punchy/Smooth": {"mean": 0.5276051593708818, "std": 0.14445083451907628}, "Harmonious/Disharmonious": {"mean": 0.40812707752060084, "std": 0.09929895996747146}, "Clear melody/No melody": {"mean": 0.3662122332127739, "std": 0.10738300057535081}, "Complex/Simple rhythm": {"mean": 0.17501905907449064, "std": 0.1151444146814455}, "Dense/Sparse": {"mean": 0.45753556837260784, "std": 0.1002250190513822}, "Strong beat/Weak beat": {"mean": 0.484686734092097, "std": 0.09692068774993709}, "Happy": {"mean": 0.3297421524915186, "std": 0.147963724885912}, "Beauty": {"mean": 0.34662499272826935, "std": 0.13299445067384874}, "Calm": {"mean": 0.37368858100335756, "std": 0.0931443539311764}, "Energizing": {"mean": 0.27207346231890006, "std": 0.12207897216271009}, "Angry": {"mean": 0.4963129644417046, "std": 0.11580914615494968}, "Triumphant": {"mean": 0.10354536008544049, "std": 0.11906025639635699}}, "pearson": {"Electric/Acoustic": {"mean": 0.6575610341387591, "std": 0.07528799943449133, "ratio_significant": 1.0}, "Distorted/Clear": {"mean": 0.7319931509625142, "std": 0.06009455878872321, "ratio_significant": 1.0}, "Many/Few Instruments": {"mean": 0.46983755248773384, "std": 0.07485031272495116, "ratio_significant": 1.0}, "Loud/Soft": {"mean": 0.7908832520450565, "std": 0.039512621684728313, "ratio_significant": 1.0}, "Heavy/Light": {"mean": 0.8467827053788554, "std": 0.04099300748869763, "ratio_significant": 1.0}, "High/Low pitch": {"mean": 0.6719704943047645, "std": 0.06785793812762084, "ratio_significant": 1.0}, "Punchy/Smooth": {"mean": 0.7594166833850744, "std": 0.07699938901906411, "ratio_significant": 1.0}, "Harmonious/Disharmonious": {"mean": 0.6716748656084998, "std": 0.07392377863504691, "ratio_significant": 1.0}, "Clear melody/No melody": {"mean": 0.6421481279386347, "std": 0.07642958251305595, "ratio_significant": 1.0}, "Complex/Simple rhythm": {"mean": 0.47018662783025567, "std": 0.08640271299968423, "ratio_significant": 1.0}, "Dense/Sparse": {"mean": 0.7211581423021518, "std": 0.054213448147649765, "ratio_significant": 1.0}, "Strong beat/Weak beat": {"mean": 0.7259151581305394, "std": 0.06215159422357421, "ratio_significant": 1.0}, "Happy": {"mean": 0.6209596048264285, "std": 0.08100056008756898, "ratio_significant": 1.0}, "Beauty": {"mean": 0.6190797379394789, "std": 0.07328263748952148, "ratio_significant": 1.0}, "Calm": {"mean": 0.6403842135580288, "std": 0.061158625824811484, "ratio_significant": 1.0}, "Energizing": {"mean": 0.5832381887309641, "std": 0.05325515619805654, "ratio_significant": 1.0}, "Angry": {"mean": 0.7292307588842272, "std": 0.06851262935154169, "ratio_significant": 1.0}, "Triumphant": {"mean": 0.3955299572767034, "std": 0.11401545067329616, "ratio_significant": 0.64}}, "average": {"mid_r2": {"mean": 0.42634920741887816, "std": 0.1057141640066576}, "mid_pears": {"mean": 0.6799606495427366, "std": 0.06572641198227398}, "emo_r2": {"mean": 0.32033125217819847, "std": 0.12184181736749232}, "emo_pears": {"mean": 0.5980704102026385, "std": 0.07520417660413271}}, "config": {"modality": "music", "voice": false, "classifications": {"voice_gender": ["Feminine", "Masculine", "BOTH feminine and masculine voices", "There are no voices"], "voice_exagg": ["No, all voices are normal-sounding", "Yes a masculine voice is gender exaggerated", "Yes a feminine voice is gender exaggerated", "There are no voices"], "voice_type": ["BOTH spoken and sung", "Spoken", "Sung", "There are no voices"], "voice_age": ["Adults (including young adults)", "BOTH children and adults", "Children", "There are no voices"], "target": ["Girls/women", "Mixed", "Boys/men"]}, "which_embeddings": "openl3_music", "drop_non_significant": true}}