{"f1": {"voice_gender": {"mean": 0.712586944296332, "std": 0.0723059692379561}, "voice_exagg": {"mean": 0.6391372379803466, "std": 0.06790567687401014}, "voice_type": {"mean": 0.7146301091779665, "std": 0.058546643597351}, "voice_age": {"mean": 0.7666111462417088, "std": 0.050445399819812886}, "target": {"mean": 0.8708301811274178, "std": 0.09491033916168204}}, "r2": {"Electric/Acoustic": {"mean": 0.35064818903099765, "std": 0.1575621181435493}, "Distorted/Clear": {"mean": 0.4794873265117332, "std": 0.1517526766331424}, "Many/Few Instruments": {"mean": 0.20264031118018508, "std": 0.091992332285166}, "Loud/Soft": {"mean": 0.5570595104530947, "std": 0.1712437544166793}, "Heavy/Light": {"mean": 0.6632224350434194, "std": 0.1851866454967148}, "High/Low pitch": {"mean": 0.3586672784549488, "std": 0.17193960565508257}, "Punchy/Smooth": {"mean": 0.5008956065544085, "std": 0.17875039053434524}, "Harmonious/Disharmonious": {"mean": 0.3268667205168704, "std": 0.1805561023349616}, "Clear melody/No melody": {"mean": 0.30597702501513113, "std": 0.15806170723941101}, "Complex/Simple rhythm": {"mean": 0.08771473944351676, "std": 0.18883051876388907}, "Dense/Sparse": {"mean": 0.4582458608023848, "std": 0.15002044439071002}, "Strong beat/Weak beat": {"mean": 0.41340961959352923, "std": 0.1532315261872521}, "Happy": {"mean": 0.3087541033466683, "std": 0.12921686718360434}, "Beauty": {"mean": 0.3395148784887436, "std": 0.14770683882944632}, "Calm": {"mean": 0.35921086590082624, "std": 0.19933553547055027}, "Energizing": {"mean": 0.27529911162997345, "std": 0.1696020592983612}, "Angry": {"mean": 0.48203025657436166, "std": 0.18944825264588122}, "Triumphant": {"mean": 0.11709337841394372, "std": 0.14321840153307075}}, "pearson": {"Electric/Acoustic": {"mean": 0.606361756890833, "std": 0.1395319964700356, "ratio_significant": 0.96}, "Distorted/Clear": {"mean": 0.714442371468963, "std": 0.10697038816463622, "ratio_significant": 1.0}, "Many/Few Instruments": {"mean": 0.4953278064000168, "std": 0.08698307080980826, "ratio_significant": 1.0}, "Loud/Soft": {"mean": 0.7673054136965618, "std": 0.10446958082678763, "ratio_significant": 1.0}, "Heavy/Light": {"mean": 0.8266207601852096, "std": 0.1100518031914192, "ratio_significant": 1.0}, "High/Low pitch": {"mean": 0.5911153395923447, "std": 0.27320197633260773, "ratio_significant": 1.0}, "Punchy/Smooth": {"mean": 0.7270488387772588, "std": 0.14138239356797927, "ratio_significant": 0.96}, "Harmonious/Disharmonious": {"mean": 0.5790064695621904, "std": 0.2567272330280634, "ratio_significant": 0.96}, "Clear melody/No melody": {"mean": 0.5610075166913507, "std": 0.22912472413566096, "ratio_significant": 0.92}, "Complex/Simple rhythm": {"mean": 0.4460263074777276, "std": 0.07730350244838886, "ratio_significant": 1.0}, "Dense/Sparse": {"mean": 0.7035782721558109, "std": 0.10242677877929925, "ratio_significant": 1.0}, "Strong beat/Weak beat": {"mean": 0.6662778349220712, "std": 0.156199210165859, "ratio_significant": 0.92}, "Happy": {"mean": 0.5905870743120577, "std": 0.10546666377551062, "ratio_significant": 1.0}, "Beauty": {"mean": 0.6068756122765637, "std": 0.11783705999517899, "ratio_significant": 1.0}, "Calm": {"mean": 0.6287912076899862, "std": 0.14650228085576167, "ratio_significant": 0.96}, "Energizing": {"mean": 0.5295956834517821, "std": 0.23040522936967447, "ratio_significant": 0.96}, "Angry": {"mean": 0.6472496144084485, "std": 0.35203900365561275, "ratio_significant": 1.0}, "Triumphant": {"mean": 0.38325565902952763, "std": 0.21395530464446072, "ratio_significant": 0.84}}, "average": {"mid_r2": {"mean": 0.3920695518833517, "std": 0.16159398517340862}, "mid_pears": {"mean": 0.6403432239850282, "std": 0.14869772149337876}, "emo_r2": {"mean": 0.3136504323924195, "std": 0.16308799249348566}, "emo_pears": {"mean": 0.5643924751947278, "std": 0.19436759038269988}}, "config": {"modality": "music", "voice": false, "classifications": {"voice_gender": ["Feminine", "Masculine", "BOTH feminine and masculine voices", "There are no voices"], "voice_exagg": ["No, all voices are normal-sounding", "Yes a masculine voice is gender exaggerated", "Yes a feminine voice is gender exaggerated", "There are no voices"], "voice_type": ["BOTH spoken and sung", "Spoken", "Sung", "There are no voices"], "voice_age": ["Adults (including young adults)", "BOTH children and adults", "Children", "There are no voices"], "target": ["Girls/women", "Boys/men"]}, "which_embeddings": "openl3_music", "drop_non_significant": true}}