{"f1": {"voice_gender": {"mean": 0.6956801551391475, "std": 0.04839330654532194}, "voice_exagg": {"mean": 0.5748958236341866, "std": 0.055624303184866775}, "voice_type": {"mean": 0.6506618028135314, "std": 0.07126559777046829}, "voice_age": {"mean": 0.7570450104028172, "std": 0.06750967695565488}, "target": {"mean": 0.5229296557054286, "std": 0.04872729907551352}}, "r2": {"Electric/Acoustic": {"mean": 0.12049798007933755, "std": 0.11527761668083922}, "Distorted/Clear": {"mean": 0.09407716556144757, "std": 0.1515483671255138}, "Many/Few Instruments": {"mean": -0.05041550610317767, "std": 0.16880389071699392}, "Loud/Soft": {"mean": 0.523665371429393, "std": 0.08870075498341143}, "Heavy/Light": {"mean": 0.37506824616826756, "std": 0.1592753288094927}, "High/Low pitch": {"mean": 0.03779634548026274, "std": 0.17980750527916983}, "Punchy/Smooth": {"mean": 0.31523154997851976, "std": 0.12388996915369357}, "Harmonious/Disharmonious": {"mean": -0.033408587470235854, "std": 0.15906091602289732}, "Clear melody/No melody": {"mean": -0.022450367329938423, "std": 0.15118306993760455}, "Complex/Simple rhythm": {"mean": -0.1661975186244457, "std": 0.14222554467111123}, "Dense/Sparse": {"mean": 0.2567076823442262, "std": 0.1299310916564195}, "Strong beat/Weak beat": {"mean": 0.277825249752559, "std": 0.11471627355352083}, "Happy": {"mean": -0.016119303012279915, "std": 0.178884326355029}, "Beauty": {"mean": 0.0584175620691458, "std": 0.1380240490197385}, "Calm": {"mean": 0.0790971828501831, "std": 0.2220642288110023}, "Energizing": {"mean": 0.024858163798974552, "std": 0.094814262449755}, "Angry": {"mean": 0.1623463089434781, "std": 0.14232813523292404}, "Triumphant": {"mean": -0.05145179331025257, "std": 0.1600334369368696}}, "pearson": {"Electric/Acoustic": {"mean": 0.4338638822471811, "std": 0.0910925770838037, "ratio_significant": 0.84}, "Distorted/Clear": {"mean": 0.44099893906218085, "std": 0.08850720029305234, "ratio_significant": 0.96}, "Many/Few Instruments": {"mean": 0.3338388936959663, "std": 0.09301864058617074, "ratio_significant": 0.36}, "Loud/Soft": {"mean": 0.7514313785707338, "std": 0.05198242283286723, "ratio_significant": 1.0}, "Heavy/Light": {"mean": 0.6627730510596247, "std": 0.07455285354655856, "ratio_significant": 1.0}, "High/Low pitch": {"mean": 0.3983641957653653, "std": 0.11314231774990212, "ratio_significant": 0.88}, "Punchy/Smooth": {"mean": 0.6091760246198804, "std": 0.07922354829635364, "ratio_significant": 1.0}, "Harmonious/Disharmonious": {"mean": 0.32205620692966686, "std": 0.12152281934291323, "ratio_significant": 0.32}, "Clear melody/No melody": {"mean": 0.3340076824241477, "std": 0.1104762356121177, "ratio_significant": 0.32}, "Complex/Simple rhythm": {"mean": 0.26329306859224433, "std": 0.09239260743674312, "ratio_significant": 0.16}, "Dense/Sparse": {"mean": 0.5948303560476387, "std": 0.08068947166010197, "ratio_significant": 1.0}, "Strong beat/Weak beat": {"mean": 0.5880811800482308, "std": 0.07073615233901875, "ratio_significant": 1.0}, "Happy": {"mean": 0.33456349232278504, "std": 0.1141686999085973, "ratio_significant": 0.36}, "Beauty": {"mean": 0.378949796076748, "std": 0.10607061409269605, "ratio_significant": 0.4}, "Calm": {"mean": 0.41373161503994704, "std": 0.13091745008573455, "ratio_significant": 0.64}, "Energizing": {"mean": 0.3570220135019689, "std": 0.07972704985211025, "ratio_significant": 0.4}, "Angry": {"mean": 0.4717449710827586, "std": 0.09905458984105567, "ratio_significant": 0.96}, "Triumphant": {"mean": 0.25953334606944706, "std": 0.14125709526228264, "ratio_significant": 0.08}}, "average": {"mid_r2": {"mean": 0.14403313427218464, "std": 0.14036836071588896}, "mid_pears": {"mean": 0.4777262382552384, "std": 0.0889447372316336}, "emo_r2": {"mean": 0.04285802022320817, "std": 0.1560247398008864}, "emo_pears": {"mean": 0.3692575390156091, "std": 0.1118659165070794}}, "config": {"modality": "music", "voice": false, "classifications": {"voice_gender": ["Feminine", "Masculine", "BOTH feminine and masculine voices", "There are no voices"], "voice_exagg": ["No, all voices are normal-sounding", "Yes a masculine voice is gender exaggerated", "Yes a feminine voice is gender exaggerated", "There are no voices"], "voice_type": ["BOTH spoken and sung", "Spoken", "Sung", "There are no voices"], "voice_age": ["Adults (including young adults)", "BOTH children and adults", "Children", "There are no voices"], "target": ["Girls/women", "Mixed", "Boys/men"]}, "which_embeddings": "mfcc", "drop_non_significant": true}}