{"f1": {"voice_gender": {"mean": 0.6908596175973724, "std": 0.05812680156107199}, "voice_exagg": {"mean": 0.5529503093342713, "std": 0.06369073578657734}, "voice_type": {"mean": 0.6507956421843503, "std": 0.060904302811459685}, "voice_age": {"mean": 0.7351765060228874, "std": 0.08156382582463627}, "target": {"mean": 0.7924221722100901, "std": 0.08199363315308868}}, "r2": {"Electric/Acoustic": {"mean": 0.13710398816548947, "std": 0.15905409184265315}, "Distorted/Clear": {"mean": 0.09648411703071158, "std": 0.15490461488871432}, "Many/Few Instruments": {"mean": -0.07867790006876474, "std": 0.19615288746915394}, "Loud/Soft": {"mean": 0.5347757171796745, "std": 0.09669693177217169}, "Heavy/Light": {"mean": 0.40588491111901215, "std": 0.09584663268119675}, "High/Low pitch": {"mean": -0.023829860331282218, "std": 0.20661658472638758}, "Punchy/Smooth": {"mean": 0.3201369284250979, "std": 0.13375871921630453}, "Harmonious/Disharmonious": {"mean": -0.09318788126308934, "std": 0.2508530958638809}, "Clear melody/No melody": {"mean": 0.006134194545399492, "std": 0.1420569909012565}, "Complex/Simple rhythm": {"mean": -0.13595710119439663, "std": 0.19561015982035634}, "Dense/Sparse": {"mean": 0.2592980026205119, "std": 0.1485371430566498}, "Strong beat/Weak beat": {"mean": 0.2828880927370773, "std": 0.09821480676275073}, "Happy": {"mean": 0.03027176909712515, "std": 0.16590184824131282}, "Beauty": {"mean": 0.016143520634359993, "std": 0.21833990378956375}, "Calm": {"mean": 0.06658808825999284, "std": 0.16591687771316785}, "Energizing": {"mean": -0.015399085078575818, "std": 0.14488082306129726}, "Angry": {"mean": 0.11338804306727213, "std": 0.21411868152394378}, "Triumphant": {"mean": -0.0941000500831673, "std": 0.1327078507416751}}, "pearson": {"Electric/Acoustic": {"mean": 0.45300354992023545, "std": 0.10387833811285056, "ratio_significant": 0.88}, "Distorted/Clear": {"mean": 0.43714588985045055, "std": 0.0980948804007402, "ratio_significant": 0.96}, "Many/Few Instruments": {"mean": 0.36077816487168435, "std": 0.11415750599573024, "ratio_significant": 0.52}, "Loud/Soft": {"mean": 0.7585638063169298, "std": 0.05208849457196623, "ratio_significant": 1.0}, "Heavy/Light": {"mean": 0.6692464029525983, "std": 0.05439732249572162, "ratio_significant": 1.0}, "High/Low pitch": {"mean": 0.35374785641504636, "std": 0.12028498156466633, "ratio_significant": 0.6}, "Punchy/Smooth": {"mean": 0.607109895120521, "std": 0.06432901083689845, "ratio_significant": 1.0}, "Harmonious/Disharmonious": {"mean": 0.2934126822018312, "std": 0.15718857437115308, "ratio_significant": 0.28}, "Clear melody/No melody": {"mean": 0.32764668391666646, "std": 0.09675226069425533, "ratio_significant": 0.36}, "Complex/Simple rhythm": {"mean": 0.27203581927735887, "std": 0.08378898265605056, "ratio_significant": 0.04}, "Dense/Sparse": {"mean": 0.5882165097888525, "std": 0.09315070418792436, "ratio_significant": 0.96}, "Strong beat/Weak beat": {"mean": 0.5876872886640246, "std": 0.07020799083689101, "ratio_significant": 1.0}, "Happy": {"mean": 0.3656166326604726, "std": 0.11298350055659291, "ratio_significant": 0.56}, "Beauty": {"mean": 0.38015501019868153, "std": 0.10413001814180686, "ratio_significant": 0.52}, "Calm": {"mean": 0.4042948217812928, "std": 0.10867342030795435, "ratio_significant": 0.56}, "Energizing": {"mean": 0.3251924340140144, "std": 0.10500830788763342, "ratio_significant": 0.32}, "Angry": {"mean": 0.47254100372672786, "std": 0.1044494606434021, "ratio_significant": 0.96}, "Triumphant": {"mean": 0.2280584863080534, "std": 0.10131723639482217, "ratio_significant": 0.0}}, "average": {"mid_r2": {"mean": 0.1425877674137868, "std": 0.15652522158345636}, "mid_pears": {"mean": 0.47571621244134993, "std": 0.092359920560404}, "emo_r2": {"mean": 0.01948204764950116, "std": 0.1736443308451601}, "emo_pears": {"mean": 0.3626430647815404, "std": 0.1060936573220353}}, "config": {"modality": "music", "voice": false, "classifications": {"voice_gender": ["Feminine", "Masculine", "BOTH feminine and masculine voices", "There are no voices"], "voice_exagg": ["No, all voices are normal-sounding", "Yes a masculine voice is gender exaggerated", "Yes a feminine voice is gender exaggerated", "There are no voices"], "voice_type": ["BOTH spoken and sung", "Spoken", "Sung", "There are no voices"], "voice_age": ["Adults (including young adults)", "BOTH children and adults", "Children", "There are no voices"], "target": ["Girls/women", "Boys/men"]}, "which_embeddings": "mfcc", "drop_non_significant": true}}