{"f1": {"voice_gender": {"mean": 0.8664405393365329, "std": 0.056888424401200385}, "voice_exagg": {"mean": 0.7129438563280098, "std": 0.05675683366678297}, "voice_type": {"mean": 0.7946491737731296, "std": 0.03645243396883132}, "voice_age": {"mean": 0.7899416012075092, "std": 0.06113560158639253}, "target": {"mean": 0.9459793689982772, "std": 0.04144752728099566}}, "r2": {"Electric/Acoustic": {"mean": 0.30487570105704515, "std": 0.10420128579785258}, "Distorted/Clear": {"mean": 0.38739883005586767, "std": 0.1447575333073558}, "Many/Few Instruments": {"mean": 0.044455765293698296, "std": 0.14191659388067518}, "Loud/Soft": {"mean": 0.45875005153142256, "std": 0.10450170581559076}, "Heavy/Light": {"mean": 0.5701700083613624, "std": 0.10196533383415614}, "High/Low pitch": {"mean": 0.2977046629259813, "std": 0.1596906697255886}, "Punchy/Smooth": {"mean": 0.4235175461372282, "std": 0.09571310985487137}, "Harmonious/Disharmonious": {"mean": 0.25326188899352153, "std": 0.1592380139114222}, "Clear melody/No melody": {"mean": 0.249707952295018, "std": 0.10883538491706811}, "Complex/Simple rhythm": {"mean": 0.066448232466414, "std": 0.1411259151754213}, "Dense/Sparse": {"mean": 0.26675624745561705, "std": 0.12147430358455069}, "Strong beat/Weak beat": {"mean": 0.3125043233767253, "std": 0.1151778221024183}, "Happy": {"mean": 0.1902356761748856, "std": 0.19454681724024117}, "Beauty": {"mean": 0.3761816694906259, "std": 0.14334796333933197}, "Calm": {"mean": 0.35641051406139546, "std": 0.12711567204874408}, "Energizing": {"mean": 0.1269492021374932, "std": 0.147717300593086}, "Angry": {"mean": 0.4564634991270097, "std": 0.14110804510120875}, "Triumphant": {"mean": 0.02550697350318294, "std": 0.13219422745757645}}, "pearson": {"Electric/Acoustic": {"mean": 0.5848202671897282, "std": 0.08383407265656113, "ratio_significant": 1.0}, "Distorted/Clear": {"mean": 0.6550292149524651, "std": 0.09002650925312186, "ratio_significant": 1.0}, "Many/Few Instruments": {"mean": 0.31829750946573226, "std": 0.14332934073947706, "ratio_significant": 0.44}, "Loud/Soft": {"mean": 0.6998421222979442, "std": 0.0620047278162845, "ratio_significant": 1.0}, "Heavy/Light": {"mean": 0.7730289317643062, "std": 0.06615023021915979, "ratio_significant": 1.0}, "High/Low pitch": {"mean": 0.5906267494413735, "std": 0.08797147465305885, "ratio_significant": 1.0}, "Punchy/Smooth": {"mean": 0.683742601415354, "std": 0.06797076645316616, "ratio_significant": 1.0}, "Harmonious/Disharmonious": {"mean": 0.5768592126750949, "std": 0.07630944899453378, "ratio_significant": 1.0}, "Clear melody/No melody": {"mean": 0.5554937911536746, "std": 0.06531129698303963, "ratio_significant": 1.0}, "Complex/Simple rhythm": {"mean": 0.3890509945235531, "std": 0.10560286587656859, "ratio_significant": 0.68}, "Dense/Sparse": {"mean": 0.5598891848613126, "std": 0.09298642628566134, "ratio_significant": 1.0}, "Strong beat/Weak beat": {"mean": 0.5847791399474879, "std": 0.09223232069600679, "ratio_significant": 1.0}, "Happy": {"mean": 0.5339388424332507, "std": 0.10252410407022669, "ratio_significant": 0.96}, "Beauty": {"mean": 0.6490464056796083, "std": 0.0830182287302592, "ratio_significant": 1.0}, "Calm": {"mean": 0.6416196969471324, "std": 0.0599128600071446, "ratio_significant": 1.0}, "Energizing": {"mean": 0.46864649185291135, "std": 0.11193373858734268, "ratio_significant": 0.96}, "Angry": {"mean": 0.7056772458038606, "std": 0.10515457558019768, "ratio_significant": 1.0}, "Triumphant": {"mean": 0.34848787005748233, "std": 0.08162256629788608, "ratio_significant": 0.36}}, "average": {"mid_r2": {"mean": 0.30296260082915843, "std": 0.12488313932558091}, "mid_pears": {"mean": 0.580954976640669, "std": 0.08614412338555329}, "emo_r2": {"mean": 0.2552912557490988, "std": 0.14767167096336473}, "emo_pears": {"mean": 0.5579027587957076, "std": 0.0906943455455095}}, "config": {"modality": "music", "voice": true, "classifications": {"voice_gender": ["Feminine", "Masculine", "BOTH feminine and masculine voices", "There are no voices"], "voice_exagg": ["No, all voices are normal-sounding", "Yes a masculine voice is gender exaggerated", "Yes a feminine voice is gender exaggerated", "There are no voices"], "voice_type": ["BOTH spoken and sung", "Spoken", "Sung", "There are no voices"], "voice_age": ["Adults (including young adults)", "BOTH children and adults", "Children", "There are no voices"], "target": ["Girls/women", "Boys/men"]}, "which_embeddings": "msd", "drop_non_significant": true}}