{"f1": {"voice_gender": {"mean": 0.7063332851330911, "std": 0.053727229795964726}, "voice_exagg": {"mean": 0.5529044939945431, "std": 0.04958973098938946}, "voice_type": {"mean": 0.6627249577189822, "std": 0.0492053776408777}, "voice_age": {"mean": 0.737077490111712, "std": 0.0639206203396766}, "target": {"mean": 0.5199123682016465, "std": 0.06717363106646161}}, "r2": {"Electric/Acoustic": {"mean": 0.17370596590934054, "std": 0.13767417123412487}, "Distorted/Clear": {"mean": 0.18903011883228465, "std": 0.16111348526232716}, "Many/Few Instruments": {"mean": -0.11699941968273403, "std": 0.1897648994446198}, "Loud/Soft": {"mean": 0.5292627146275716, "std": 0.11847392085631578}, "Heavy/Light": {"mean": 0.43220523431005625, "std": 0.09048238045101151}, "High/Low pitch": {"mean": 0.19444236723324995, "std": 0.13812434997912626}, "Punchy/Smooth": {"mean": 0.35306121918327826, "std": 0.11725210790890185}, "Harmonious/Disharmonious": {"mean": -0.07036669996384427, "std": 0.18282539535445663}, "Clear melody/No melody": {"mean": -0.09194801162979829, "std": 0.15419701352992563}, "Complex/Simple rhythm": {"mean": -0.199554350581922, "std": 0.1568845423925407}, "Dense/Sparse": {"mean": 0.20016188313446592, "std": 0.13346786800906005}, "Strong beat/Weak beat": {"mean": 0.2363753824210396, "std": 0.13128423424254035}, "Happy": {"mean": 0.04546620047709429, "std": 0.1419531319908674}, "Beauty": {"mean": 0.1386365391988015, "std": 0.11795230477997101}, "Calm": {"mean": 0.22893210794620056, "std": 0.1303312733760628}, "Energizing": {"mean": 0.0823077537575077, "std": 0.16205834473165356}, "Angry": {"mean": 0.1705657324618005, "std": 0.12811881087184684}, "Triumphant": {"mean": -0.03193427876283327, "std": 0.12946409673178327}}, "pearson": {"Electric/Acoustic": {"mean": 0.47655394318961636, "std": 0.11393238118874195, "ratio_significant": 0.92}, "Distorted/Clear": {"mean": 0.4799561595030437, "std": 0.1172707809821291, "ratio_significant": 0.96}, "Many/Few Instruments": {"mean": 0.25935110787422994, "std": 0.10385842813798346, "ratio_significant": 0.08}, "Loud/Soft": {"mean": 0.7563471312802043, "std": 0.05930593253308007, "ratio_significant": 1.0}, "Heavy/Light": {"mean": 0.6811921239724182, "std": 0.055822824902534145, "ratio_significant": 1.0}, "High/Low pitch": {"mean": 0.5327082328097787, "std": 0.0775727806921596, "ratio_significant": 1.0}, "Punchy/Smooth": {"mean": 0.64116935697662, "std": 0.07355333010070994, "ratio_significant": 1.0}, "Harmonious/Disharmonious": {"mean": 0.22906015540978839, "std": 0.1380737862061706, "ratio_significant": 0.12}, "Clear melody/No melody": {"mean": 0.19258232963997696, "std": 0.1263423864772665, "ratio_significant": 0.04}, "Complex/Simple rhythm": {"mean": 0.17557668890222988, "std": 0.11763209563448364, "ratio_significant": 0.0}, "Dense/Sparse": {"mean": 0.5359719676753858, "std": 0.08984963034328576, "ratio_significant": 1.0}, "Strong beat/Weak beat": {"mean": 0.5384910786700386, "std": 0.09083710571552633, "ratio_significant": 1.0}, "Happy": {"mean": 0.3802533949800702, "std": 0.09106568561949298, "ratio_significant": 0.52}, "Beauty": {"mean": 0.4399213819079202, "std": 0.10776350510580665, "ratio_significant": 0.88}, "Calm": {"mean": 0.5433328126453948, "std": 0.08574260634552729, "ratio_significant": 1.0}, "Energizing": {"mean": 0.3970675614880278, "std": 0.12219625263002522, "ratio_significant": 0.72}, "Angry": {"mean": 0.4991726130473955, "std": 0.08809431486369125, "ratio_significant": 1.0}, "Triumphant": {"mean": 0.2594170031086466, "std": 0.11975482966868412, "ratio_significant": 0.08}}, "average": {"mid_r2": {"mean": 0.15244803364941567, "std": 0.14262869738874587}, "mid_pears": {"mean": 0.45824668965861093, "std": 0.09700428857617259}, "emo_r2": {"mean": 0.10566234251309523, "std": 0.1349796604136975}, "emo_pears": {"mean": 0.41986079452957586, "std": 0.10243619903887125}}, "config": {"modality": "music", "voice": true, "classifications": {"voice_gender": ["Feminine", "Masculine", "BOTH feminine and masculine voices", "There are no voices"], "voice_exagg": ["No, all voices are normal-sounding", "Yes a masculine voice is gender exaggerated", "Yes a feminine voice is gender exaggerated", "There are no voices"], "voice_type": ["BOTH spoken and sung", "Spoken", "Sung", "There are no voices"], "voice_age": ["Adults (including young adults)", "BOTH children and adults", "Children", "There are no voices"], "target": ["Girls/women", "Mixed", "Boys/men"]}, "which_embeddings": "mfcc", "drop_non_significant": true}}