{"f1": {"voice_gender": {"mean": 0.8105828528780585, "std": 0.060703271312177044}, "voice_exagg": {"mean": 0.7001180559361933, "std": 0.05350800617861432}, "voice_type": {"mean": 0.7600357923543395, "std": 0.03764432227725857}, "voice_age": {"mean": 0.7840858914616589, "std": 0.0689788094607025}, "target": {"mean": 0.6630265743058688, "std": 0.04495606174685969}}, "r2": {"Electric/Acoustic": {"mean": 0.2650704888074457, "std": 0.12689463503157147}, "Distorted/Clear": {"mean": 0.4598717682824665, "std": 0.08234891840260244}, "Many/Few Instruments": {"mean": 0.14184580447872025, "std": 0.10699306911625141}, "Loud/Soft": {"mean": 0.3918905000526804, "std": 0.11156049589705441}, "Heavy/Light": {"mean": 0.6149474785942688, "std": 0.09373227628650121}, "High/Low pitch": {"mean": 0.42809477615518093, "std": 0.08485887884571887}, "Punchy/Smooth": {"mean": 0.3859122045007715, "std": 0.09679406744841242}, "Harmonious/Disharmonious": {"mean": 0.35090683285337504, "std": 0.12877743244854484}, "Clear melody/No melody": {"mean": 0.312790494447528, "std": 0.1246644230227169}, "Complex/Simple rhythm": {"mean": 0.15064148354993692, "std": 0.10153853545156194}, "Dense/Sparse": {"mean": 0.40748888042902126, "std": 0.1071988056849274}, "Strong beat/Weak beat": {"mean": 0.3205003770419656, "std": 0.1201621379562329}, "Happy": {"mean": 0.35329518275611854, "std": 0.09591003735108435}, "Beauty": {"mean": 0.40359112557081467, "std": 0.09873672571793896}, "Calm": {"mean": 0.3942405673923613, "std": 0.09209000394075245}, "Energizing": {"mean": 0.2566883559774441, "std": 0.11537441961530309}, "Angry": {"mean": 0.5073452483695612, "std": 0.09457015988475656}, "Triumphant": {"mean": 0.17210039026169693, "std": 0.08550382358278459}}, "pearson": {"Electric/Acoustic": {"mean": 0.5524932433070676, "std": 0.10096719803645553, "ratio_significant": 0.96}, "Distorted/Clear": {"mean": 0.6983002734025454, "std": 0.05370518541365945, "ratio_significant": 1.0}, "Many/Few Instruments": {"mean": 0.42994429957091734, "std": 0.10615635512586319, "ratio_significant": 0.92}, "Loud/Soft": {"mean": 0.6521257241891114, "std": 0.06379141543335004, "ratio_significant": 1.0}, "Heavy/Light": {"mean": 0.7990243321891463, "std": 0.05038169509317296, "ratio_significant": 1.0}, "High/Low pitch": {"mean": 0.6906478506003572, "std": 0.04952587654508362, "ratio_significant": 1.0}, "Punchy/Smooth": {"mean": 0.657603364936347, "std": 0.04959106823258849, "ratio_significant": 1.0}, "Harmonious/Disharmonious": {"mean": 0.6247688560744408, "std": 0.08108625759529109, "ratio_significant": 1.0}, "Clear melody/No melody": {"mean": 0.6004997604249261, "std": 0.08167181108060008, "ratio_significant": 1.0}, "Complex/Simple rhythm": {"mean": 0.44394953287901523, "std": 0.08552731588570643, "ratio_significant": 1.0}, "Dense/Sparse": {"mean": 0.6590917795423026, "std": 0.0685340398310855, "ratio_significant": 1.0}, "Strong beat/Weak beat": {"mean": 0.6042010854275551, "std": 0.08405913749112619, "ratio_significant": 1.0}, "Happy": {"mean": 0.6188895329577868, "std": 0.07282226432962091, "ratio_significant": 1.0}, "Beauty": {"mean": 0.650349236485968, "std": 0.06646165111000044, "ratio_significant": 1.0}, "Calm": {"mean": 0.6513610628981081, "std": 0.05918335745708122, "ratio_significant": 1.0}, "Energizing": {"mean": 0.571117668899091, "std": 0.0851021508610603, "ratio_significant": 1.0}, "Angry": {"mean": 0.7288864773787066, "std": 0.05884598274084324, "ratio_significant": 1.0}, "Triumphant": {"mean": 0.463424658656994, "std": 0.08914122849227409, "ratio_significant": 0.88}}, "average": {"mid_r2": {"mean": 0.3524967574327801, "std": 0.10712697296600802}, "mid_pears": {"mean": 0.6177208418786444, "std": 0.07291644631366521}, "emo_r2": {"mean": 0.3478768117213328, "std": 0.09703086168210334}, "emo_pears": {"mean": 0.6140047728794424, "std": 0.07192610583181337}}, "config": {"modality": "music", "voice": true, "classifications": {"voice_gender": ["Feminine", "Masculine", "BOTH feminine and masculine voices", "There are no voices"], "voice_exagg": ["No, all voices are normal-sounding", "Yes a masculine voice is gender exaggerated", "Yes a feminine voice is gender exaggerated", "There are no voices"], "voice_type": ["BOTH spoken and sung", "Spoken", "Sung", "There are no voices"], "voice_age": ["Adults (including young adults)", "BOTH children and adults", "Children", "There are no voices"], "target": ["Girls/women", "Mixed", "Boys/men"]}, "which_embeddings": "openl3_env", "drop_non_significant": true}}