{"f1": {"voice_gender": {"mean": 0.8179277321047042, "std": 0.058752682541554094}, "voice_exagg": {"mean": 0.7184917850633699, "std": 0.04807938215912419}, "voice_type": {"mean": 0.7790242246738076, "std": 0.041183046864263814}, "voice_age": {"mean": 0.7877731439575842, "std": 0.046162423447350574}, "target": {"mean": 0.6672182307568556, "std": 0.04469518618157836}}, "r2": {"Electric/Acoustic": {"mean": 0.3710712295284631, "std": 0.11042735140112175}, "Distorted/Clear": {"mean": 0.493312748643091, "std": 0.12527085306872848}, "Many/Few Instruments": {"mean": 0.1108806516211448, "std": 0.12356451409085005}, "Loud/Soft": {"mean": 0.4626766745152059, "std": 0.08833777912483984}, "Heavy/Light": {"mean": 0.6595692619779808, "std": 0.07117105927424913}, "High/Low pitch": {"mean": 0.40255973326111216, "std": 0.08975304031760711}, "Punchy/Smooth": {"mean": 0.4631530691255367, "std": 0.09746904472432948}, "Harmonious/Disharmonious": {"mean": 0.33518940069836456, "std": 0.1124864841209782}, "Clear melody/No melody": {"mean": 0.2771571320510942, "std": 0.12123877463071851}, "Complex/Simple rhythm": {"mean": 0.1046797452449407, "std": 0.11154410372120221}, "Dense/Sparse": {"mean": 0.4103645248634998, "std": 0.08009004486531128}, "Strong beat/Weak beat": {"mean": 0.38233003675352584, "std": 0.09692929897133468}, "Happy": {"mean": 0.3396648707463112, "std": 0.1634084178488792}, "Beauty": {"mean": 0.39946322219086505, "std": 0.09361444869782361}, "Calm": {"mean": 0.4023030820927482, "std": 0.10202057437789508}, "Energizing": {"mean": 0.28409024064842614, "std": 0.089803423823229}, "Angry": {"mean": 0.5054804512823788, "std": 0.1341809057448613}, "Triumphant": {"mean": 0.1474154505523775, "std": 0.12890545526822353}}, "pearson": {"Electric/Acoustic": {"mean": 0.6279488905195202, "std": 0.07524131502148904, "ratio_significant": 1.0}, "Distorted/Clear": {"mean": 0.7219831172742404, "std": 0.07503565341025654, "ratio_significant": 1.0}, "Many/Few Instruments": {"mean": 0.3962284129153535, "std": 0.11831048275673768, "ratio_significant": 0.6}, "Loud/Soft": {"mean": 0.6975308433229164, "std": 0.06119808826893992, "ratio_significant": 1.0}, "Heavy/Light": {"mean": 0.8241713990012542, "std": 0.04331514378741205, "ratio_significant": 1.0}, "High/Low pitch": {"mean": 0.6583624653111138, "std": 0.05482651027129613, "ratio_significant": 1.0}, "Punchy/Smooth": {"mean": 0.700638353132658, "std": 0.06291115125410736, "ratio_significant": 1.0}, "Harmonious/Disharmonious": {"mean": 0.6196550155975433, "std": 0.07603715424142612, "ratio_significant": 1.0}, "Clear melody/No melody": {"mean": 0.5767070024694093, "std": 0.09271628308055772, "ratio_significant": 1.0}, "Complex/Simple rhythm": {"mean": 0.41485249177052475, "std": 0.09754948460683908, "ratio_significant": 0.96}, "Dense/Sparse": {"mean": 0.6669780553071147, "std": 0.0569955715379669, "ratio_significant": 1.0}, "Strong beat/Weak beat": {"mean": 0.6387538179716997, "std": 0.07751915062402742, "ratio_significant": 1.0}, "Happy": {"mean": 0.6283691069447171, "std": 0.08742475956112394, "ratio_significant": 1.0}, "Beauty": {"mean": 0.6546662555639462, "std": 0.05978944323592973, "ratio_significant": 1.0}, "Calm": {"mean": 0.6605393548752785, "std": 0.06951018272853193, "ratio_significant": 1.0}, "Energizing": {"mean": 0.5739340636342878, "std": 0.07147844561588036, "ratio_significant": 1.0}, "Angry": {"mean": 0.7353809626097843, "std": 0.07865521238543612, "ratio_significant": 1.0}, "Triumphant": {"mean": 0.42431389173511375, "std": 0.11920621926799621, "ratio_significant": 0.8}}, "average": {"mid_r2": {"mean": 0.37274535069033, "std": 0.10235686235927255}, "mid_pears": {"mean": 0.6286508220494457, "std": 0.07430466573842133}, "emo_r2": {"mean": 0.3464028862521845, "std": 0.11865553762681862}, "emo_pears": {"mean": 0.6128672725605213, "std": 0.08101071046581639}}, "config": {"modality": "music", "voice": true, "classifications": {"voice_gender": ["Feminine", "Masculine", "BOTH feminine and masculine voices", "There are no voices"], "voice_exagg": ["No, all voices are normal-sounding", "Yes a masculine voice is gender exaggerated", "Yes a feminine voice is gender exaggerated", "There are no voices"], "voice_type": ["BOTH spoken and sung", "Spoken", "Sung", "There are no voices"], "voice_age": ["Adults (including young adults)", "BOTH children and adults", "Children", "There are no voices"], "target": ["Girls/women", "Mixed", "Boys/men"]}, "which_embeddings": "openl3_music", "drop_non_significant": true}}