{"f1": {"voice_gender": {"mean": 0.8754381185436502, "std": 0.04847766230757937}, "voice_exagg": {"mean": 0.7204758601379554, "std": 0.05472073782939877}, "voice_type": {"mean": 0.8122010800157105, "std": 0.05076220496050486}, "voice_age": {"mean": 0.7868788903636035, "std": 0.05582829224128376}, "target": {"mean": 0.6709582400049804, "std": 0.05732518878739392}}, "r2": {"Electric/Acoustic": {"mean": 0.29438096667814334, "std": 0.09860330266269081}, "Distorted/Clear": {"mean": 0.38126132794544093, "std": 0.10220483919074308}, "Many/Few Instruments": {"mean": 0.07397352401734501, "std": 0.08341802900960842}, "Loud/Soft": {"mean": 0.4833185307352671, "std": 0.0670320616783659}, "Heavy/Light": {"mean": 0.5824050981443025, "std": 0.07061440674913577}, "High/Low pitch": {"mean": 0.2849998367678817, "std": 0.14702690342971375}, "Punchy/Smooth": {"mean": 0.48311506453769953, "std": 0.07311170380351578}, "Harmonious/Disharmonious": {"mean": 0.3343050839410766, "std": 0.12392866124191555}, "Clear melody/No melody": {"mean": 0.3173728431827158, "std": 0.08235739254172171}, "Complex/Simple rhythm": {"mean": 0.03761196790857426, "std": 0.1509074206614179}, "Dense/Sparse": {"mean": 0.27089645785195104, "std": 0.10297313530809671}, "Strong beat/Weak beat": {"mean": 0.3583271846883068, "std": 0.09172180742535052}, "Happy": {"mean": 0.293760774559442, "std": 0.12022338211669313}, "Beauty": {"mean": 0.39519627658897605, "std": 0.10251069285149514}, "Calm": {"mean": 0.3657349137948209, "std": 0.08055300284271938}, "Energizing": {"mean": 0.18576624392477645, "std": 0.10908826472277243}, "Angry": {"mean": 0.4376793028692385, "std": 0.17178970666493318}, "Triumphant": {"mean": 0.04080664034031, "std": 0.14329776892155935}}, "pearson": {"Electric/Acoustic": {"mean": 0.5933714501267343, "std": 0.0652102173928006, "ratio_significant": 1.0}, "Distorted/Clear": {"mean": 0.6649061284344125, "std": 0.06857666629824076, "ratio_significant": 1.0}, "Many/Few Instruments": {"mean": 0.3717712164305729, "std": 0.08113105744377241, "ratio_significant": 0.6}, "Loud/Soft": {"mean": 0.7155124564863197, "std": 0.04239536314276687, "ratio_significant": 1.0}, "Heavy/Light": {"mean": 0.7815401245491949, "std": 0.0396422557161756, "ratio_significant": 1.0}, "High/Low pitch": {"mean": 0.5942780063431823, "std": 0.07683311691295254, "ratio_significant": 1.0}, "Punchy/Smooth": {"mean": 0.7108657849554695, "std": 0.05354240069750012, "ratio_significant": 1.0}, "Harmonious/Disharmonious": {"mean": 0.6147256388030317, "std": 0.07264572885056259, "ratio_significant": 1.0}, "Clear melody/No melody": {"mean": 0.5962584574434362, "std": 0.06778624011246845, "ratio_significant": 1.0}, "Complex/Simple rhythm": {"mean": 0.38560464943635053, "std": 0.11056386269953966, "ratio_significant": 0.56}, "Dense/Sparse": {"mean": 0.5721064100901821, "std": 0.06912590811249968, "ratio_significant": 1.0}, "Strong beat/Weak beat": {"mean": 0.6240329095975211, "std": 0.06838669874180081, "ratio_significant": 1.0}, "Happy": {"mean": 0.5849268004530989, "std": 0.07684531208424344, "ratio_significant": 1.0}, "Beauty": {"mean": 0.6512517939518251, "std": 0.06828247926442968, "ratio_significant": 1.0}, "Calm": {"mean": 0.6355801156816452, "std": 0.058665371910910806, "ratio_significant": 1.0}, "Energizing": {"mean": 0.4905373439044554, "std": 0.08864941839674628, "ratio_significant": 1.0}, "Angry": {"mean": 0.7028120446805337, "std": 0.07146176363949629, "ratio_significant": 1.0}, "Triumphant": {"mean": 0.3499465316196724, "std": 0.12927746607655463, "ratio_significant": 0.44}}, "average": {"mid_r2": {"mean": 0.32516399053322537, "std": 0.09949163864185633}, "mid_pears": {"mean": 0.6020811027247006, "std": 0.06798662634342334}, "emo_r2": {"mean": 0.28649069201292726, "std": 0.12124380302002875}, "emo_pears": {"mean": 0.5691757717152052, "std": 0.08219696856206352}}, "config": {"modality": "music", "voice": true, "classifications": {"voice_gender": ["Feminine", "Masculine", "BOTH feminine and masculine voices", "There are no voices"], "voice_exagg": ["No, all voices are normal-sounding", "Yes a masculine voice is gender exaggerated", "Yes a feminine voice is gender exaggerated", "There are no voices"], "voice_type": ["BOTH spoken and sung", "Spoken", "Sung", "There are no voices"], "voice_age": ["Adults (including young adults)", "BOTH children and adults", "Children", "There are no voices"], "target": ["Girls/women", "Mixed", "Boys/men"]}, "which_embeddings": "msd", "drop_non_significant": true}}