{"f1": {"voice_gender": {"mean": 0.7258501023205648, "std": 0.05769678387137064}, "voice_exagg": {"mean": 0.6507137493530999, "std": 0.05435025675550165}, "voice_type": {"mean": 0.7159379494583242, "std": 0.07525529082307852}, "voice_age": {"mean": 0.7740172112591749, "std": 0.05908319338656019}, "target": {"mean": 0.9134138521192553, "std": 0.05267989527683113}}, "r2": {"Electric/Acoustic": {"mean": 0.3089482536472077, "std": 0.12875553642476092}, "Distorted/Clear": {"mean": 0.46044321402205896, "std": 0.07753894391569477}, "Many/Few Instruments": {"mean": 0.1694929530377896, "std": 0.11162275936504912}, "Loud/Soft": {"mean": 0.570475087598532, "std": 0.08118171175613849}, "Heavy/Light": {"mean": 0.6746401739088336, "std": 0.07498953948320464}, "High/Low pitch": {"mean": 0.4282094035756531, "std": 0.12332697687167737}, "Punchy/Smooth": {"mean": 0.5135137139916242, "std": 0.08208463611633927}, "Harmonious/Disharmonious": {"mean": 0.3786134086530135, "std": 0.09965744662674438}, "Clear melody/No melody": {"mean": 0.30838091188065675, "std": 0.12520234919883907}, "Complex/Simple rhythm": {"mean": 0.15636914609960212, "std": 0.11614503125446779}, "Dense/Sparse": {"mean": 0.4529446720292043, "std": 0.10596965278942787}, "Strong beat/Weak beat": {"mean": 0.44601957573639855, "std": 0.11155850404650093}, "Happy": {"mean": 0.3454334015677302, "std": 0.0965394976429398}, "Beauty": {"mean": 0.32460856258306975, "std": 0.10619530850304867}, "Calm": {"mean": 0.3838612281919044, "std": 0.12104725828071988}, "Energizing": {"mean": 0.3244475928670108, "std": 0.09730758634758364}, "Angry": {"mean": 0.5038023887715378, "std": 0.08794231042222451}, "Triumphant": {"mean": 0.16114133272913758, "std": 0.10094111534623355}}, "pearson": {"Electric/Acoustic": {"mean": 0.5825948911724356, "std": 0.0998023174112775, "ratio_significant": 1.0}, "Distorted/Clear": {"mean": 0.7045899687457551, "std": 0.0538207125575872, "ratio_significant": 1.0}, "Many/Few Instruments": {"mean": 0.46310325988394474, "std": 0.09246296943913239, "ratio_significant": 1.0}, "Loud/Soft": {"mean": 0.7820857183397645, "std": 0.04343699617910712, "ratio_significant": 1.0}, "Heavy/Light": {"mean": 0.842285665570266, "std": 0.037927556568469106, "ratio_significant": 1.0}, "High/Low pitch": {"mean": 0.6832566289540581, "std": 0.0787430810390846, "ratio_significant": 1.0}, "Punchy/Smooth": {"mean": 0.7437674135933083, "std": 0.04412333757094958, "ratio_significant": 1.0}, "Harmonious/Disharmonious": {"mean": 0.6443672908210063, "std": 0.06854915887968042, "ratio_significant": 1.0}, "Clear melody/No melody": {"mean": 0.5866729187627832, "std": 0.10065180699818484, "ratio_significant": 1.0}, "Complex/Simple rhythm": {"mean": 0.4490214434842212, "std": 0.10879540049295869, "ratio_significant": 0.88}, "Dense/Sparse": {"mean": 0.7188559436286507, "std": 0.04433284059867497, "ratio_significant": 1.0}, "Strong beat/Weak beat": {"mean": 0.6956980866720914, "std": 0.06871427911662478, "ratio_significant": 1.0}, "Happy": {"mean": 0.607863544161762, "std": 0.07961292114374328, "ratio_significant": 1.0}, "Beauty": {"mean": 0.5902292974651164, "std": 0.08762802738862405, "ratio_significant": 1.0}, "Calm": {"mean": 0.6430237017586452, "std": 0.08096211086357867, "ratio_significant": 1.0}, "Energizing": {"mean": 0.5995008282275688, "std": 0.06412845748232747, "ratio_significant": 1.0}, "Angry": {"mean": 0.7350134077964752, "std": 0.06321875373987393, "ratio_significant": 1.0}, "Triumphant": {"mean": 0.4574724673580559, "std": 0.09350299927674653, "ratio_significant": 0.96}}, "average": {"mid_r2": {"mean": 0.4056708761817145, "std": 0.10316942398740374}, "mid_pears": {"mean": 0.6580249358023571, "std": 0.07011337140431094}, "emo_r2": {"mean": 0.34054908445173177, "std": 0.10166217942379169}, "emo_pears": {"mean": 0.6055172077946038, "std": 0.07817554498248232}}, "config": {"modality": "music", "voice": false, "classifications": {"voice_gender": ["Feminine", "Masculine", "BOTH feminine and masculine voices", "There are no voices"], "voice_exagg": ["No, all voices are normal-sounding", "Yes a masculine voice is gender exaggerated", "Yes a feminine voice is gender exaggerated", "There are no voices"], "voice_type": ["BOTH spoken and sung", "Spoken", "Sung", "There are no voices"], "voice_age": ["Adults (including young adults)", "BOTH children and adults", "Children", "There are no voices"], "target": ["Girls/women", "Boys/men"]}, "which_embeddings": "openl3_env", "drop_non_significant": true}}