{"f1": {"voice_gender": {"mean": 0.6749829209869597, "std": 0.08712771552574536}, "voice_exagg": {"mean": 0.5367453637228443, "std": 0.054377096719110875}, "voice_type": {"mean": 0.6506774622749691, "std": 0.07185561196469217}, "voice_age": {"mean": 0.7247096571115498, "std": 0.06972063868632829}, "target": {"mean": 0.7838945699149958, "std": 0.09520060348447183}}, "r2": {"Electric/Acoustic": {"mean": 0.17577524592712648, "std": 0.13607318668952947}, "Distorted/Clear": {"mean": 0.13346521088197238, "std": 0.14216915295370505}, "Many/Few Instruments": {"mean": -0.08059312771720642, "std": 0.13226345420839936}, "Loud/Soft": {"mean": 0.5260214843062326, "std": 0.10400441822183391}, "Heavy/Light": {"mean": 0.3938534398191432, "std": 0.13232046965856736}, "High/Low pitch": {"mean": 0.1982009232621256, "std": 0.16457111927202575}, "Punchy/Smooth": {"mean": 0.3285338332786262, "std": 0.12242801480269605}, "Harmonious/Disharmonious": {"mean": -0.10127916562445809, "std": 0.20727921809106825}, "Clear melody/No melody": {"mean": -0.0930198327430119, "std": 0.11851890414175559}, "Complex/Simple rhythm": {"mean": -0.24531889536049284, "std": 0.26475839990178196}, "Dense/Sparse": {"mean": 0.19263271321734832, "std": 0.15047012874461063}, "Strong beat/Weak beat": {"mean": 0.16449106152437235, "std": 0.14369265533238923}, "Happy": {"mean": -0.04858527260324756, "std": 0.18371921620336712}, "Beauty": {"mean": 0.07833312056716607, "std": 0.16266093447114185}, "Calm": {"mean": 0.1808510286754114, "std": 0.17493970331304512}, "Energizing": {"mean": 0.030113867787901843, "std": 0.18338213455651273}, "Angry": {"mean": 0.15775661883467287, "std": 0.11677709639234975}, "Triumphant": {"mean": -0.03993068233689461, "std": 0.11378682538389061}}, "pearson": {"Electric/Acoustic": {"mean": 0.4796544651929098, "std": 0.0986224401443868, "ratio_significant": 0.96}, "Distorted/Clear": {"mean": 0.4350461315392842, "std": 0.11654722311427843, "ratio_significant": 0.84}, "Many/Few Instruments": {"mean": 0.23341561637621155, "std": 0.10369531324895456, "ratio_significant": 0.12}, "Loud/Soft": {"mean": 0.7488630662960213, "std": 0.049511443953998376, "ratio_significant": 1.0}, "Heavy/Light": {"mean": 0.6548172551343887, "std": 0.08852711146873905, "ratio_significant": 1.0}, "High/Low pitch": {"mean": 0.5213171275626025, "std": 0.10140693292644791, "ratio_significant": 0.96}, "Punchy/Smooth": {"mean": 0.6117786703297324, "std": 0.07211001571993793, "ratio_significant": 1.0}, "Harmonious/Disharmonious": {"mean": 0.17684222466146138, "std": 0.1843005060063867, "ratio_significant": 0.08}, "Clear melody/No melody": {"mean": 0.1445936304355853, "std": 0.12833501595837213, "ratio_significant": 0.0}, "Complex/Simple rhythm": {"mean": 0.1556814604077073, "std": 0.12144070335318756, "ratio_significant": 0.0}, "Dense/Sparse": {"mean": 0.5283152387693315, "std": 0.09233234668472694, "ratio_significant": 1.0}, "Strong beat/Weak beat": {"mean": 0.4928512632486495, "std": 0.08660904567636869, "ratio_significant": 1.0}, "Happy": {"mean": 0.3200563950406496, "std": 0.10398669961526523, "ratio_significant": 0.36}, "Beauty": {"mean": 0.3821076576678567, "std": 0.1632268760074571, "ratio_significant": 0.72}, "Calm": {"mean": 0.5011938425048598, "std": 0.10833269725396717, "ratio_significant": 0.88}, "Energizing": {"mean": 0.3695404002369705, "std": 0.09411643672516035, "ratio_significant": 0.56}, "Angry": {"mean": 0.4549464474451619, "std": 0.10241793597417598, "ratio_significant": 1.0}, "Triumphant": {"mean": 0.2439491528550809, "std": 0.11431819928786217, "ratio_significant": 0.16}}, "average": {"mid_r2": {"mean": 0.13273024089764818, "std": 0.15154576016819687}, "mid_pears": {"mean": 0.4319313458294904, "std": 0.10361984152131543}, "emo_r2": {"mean": 0.059756446820835, "std": 0.15587765172005122}, "emo_pears": {"mean": 0.37863231595842994, "std": 0.11439980747731467}}, "config": {"modality": "music", "voice": true, "classifications": {"voice_gender": ["Feminine", "Masculine", "BOTH feminine and masculine voices", "There are no voices"], "voice_exagg": ["No, all voices are normal-sounding", "Yes a masculine voice is gender exaggerated", "Yes a feminine voice is gender exaggerated", "There are no voices"], "voice_type": ["BOTH spoken and sung", "Spoken", "Sung", "There are no voices"], "voice_age": ["Adults (including young adults)", "BOTH children and adults", "Children", "There are no voices"], "target": ["Girls/women", "Boys/men"]}, "which_embeddings": "mfcc", "drop_non_significant": true}}