{"f1": {"voice_gender": {"mean": 0.8227933965632083, "std": 0.0484731703957792}, "voice_exagg": {"mean": 0.6995286620097252, "std": 0.06615461236310756}, "voice_type": {"mean": 0.7565518517819007, "std": 0.07142478519339844}, "voice_age": {"mean": 0.8001359099691426, "std": 0.051774740653297846}, "target": {"mean": 0.6602079667168563, "std": 0.07059910481348353}}, "r2": {"Electric/Acoustic": {"mean": 0.29446302689218684, "std": 0.07015218066877767}, "Distorted/Clear": {"mean": 0.4301146939540878, "std": 0.08404861025209087}, "Many/Few Instruments": {"mean": 0.1329754699681131, "std": 0.09737233962406537}, "Loud/Soft": {"mean": 0.4206540750900317, "std": 0.09625208609129972}, "Heavy/Light": {"mean": 0.6218000769222599, "std": 0.09127000417628935}, "High/Low pitch": {"mean": 0.4012467304490888, "std": 0.10144413608162021}, "Punchy/Smooth": {"mean": 0.4263242752267302, "std": 0.09842492025106125}, "Harmonious/Disharmonious": {"mean": 0.3409397267630351, "std": 0.09558061703368337}, "Clear melody/No melody": {"mean": 0.29620462745062587, "std": 0.09024899579727459}, "Complex/Simple rhythm": {"mean": 0.1294060685623133, "std": 0.09401909801991802}, "Dense/Sparse": {"mean": 0.38292659585019434, "std": 0.11785107262103936}, "Strong beat/Weak beat": {"mean": 0.35152955784775924, "std": 0.13475407169420753}, "Happy": {"mean": 0.32479929005863106, "std": 0.11470485212301704}, "Beauty": {"mean": 0.3777877867970243, "std": 0.10078730778931148}, "Calm": {"mean": 0.3907150637272139, "std": 0.09180388715415076}, "Energizing": {"mean": 0.2950926407416587, "std": 0.10560607851328832}, "Angry": {"mean": 0.49178212072196553, "std": 0.11673676917274646}, "Triumphant": {"mean": 0.14438551170458655, "std": 0.1447732853462185}}, "pearson": {"Electric/Acoustic": {"mean": 0.5787369320839814, "std": 0.05712412595545691, "ratio_significant": 1.0}, "Distorted/Clear": {"mean": 0.6833294381929129, "std": 0.06189500567360054, "ratio_significant": 1.0}, "Many/Few Instruments": {"mean": 0.40316894001217757, "std": 0.09781499453441209, "ratio_significant": 0.76}, "Loud/Soft": {"mean": 0.6673140037889521, "std": 0.06915341388557837, "ratio_significant": 1.0}, "Heavy/Light": {"mean": 0.8003889452966174, "std": 0.05606912339612852, "ratio_significant": 1.0}, "High/Low pitch": {"mean": 0.6727931983018941, "std": 0.06316026529761246, "ratio_significant": 1.0}, "Punchy/Smooth": {"mean": 0.6818983819017612, "std": 0.06535099511954559, "ratio_significant": 1.0}, "Harmonious/Disharmonious": {"mean": 0.6196187458001735, "std": 0.0782837313819506, "ratio_significant": 1.0}, "Clear melody/No melody": {"mean": 0.5790893481906858, "std": 0.07910976874028547, "ratio_significant": 1.0}, "Complex/Simple rhythm": {"mean": 0.43491766100977125, "std": 0.09573632841631072, "ratio_significant": 0.8}, "Dense/Sparse": {"mean": 0.6541704813444892, "std": 0.07922753385316325, "ratio_significant": 1.0}, "Strong beat/Weak beat": {"mean": 0.6286913167953526, "std": 0.08975335159566179, "ratio_significant": 1.0}, "Happy": {"mean": 0.5990602669209418, "std": 0.07259347573601127, "ratio_significant": 1.0}, "Beauty": {"mean": 0.6361433527556855, "std": 0.07387535417497278, "ratio_significant": 1.0}, "Calm": {"mean": 0.6519778947289275, "std": 0.07140487666545307, "ratio_significant": 1.0}, "Energizing": {"mean": 0.5747966579949378, "std": 0.07929425820686677, "ratio_significant": 1.0}, "Angry": {"mean": 0.7321385869960476, "std": 0.06049966058907154, "ratio_significant": 1.0}, "Triumphant": {"mean": 0.44493565580895816, "std": 0.08033183758014684, "ratio_significant": 1.0}}, "average": {"mid_r2": {"mean": 0.3523820770813688, "std": 0.09761817769261061}, "mid_pears": {"mean": 0.6170097827265641, "std": 0.07438988648747552}, "emo_r2": {"mean": 0.3374270689585133, "std": 0.11240203001645542}, "emo_pears": {"mean": 0.6065087358675831, "std": 0.07299991049208704}}, "config": {"modality": "music", "voice": true, "classifications": {"voice_gender": ["Feminine", "Masculine", "BOTH feminine and masculine voices", "There are no voices"], "voice_exagg": ["No, all voices are normal-sounding", "Yes a masculine voice is gender exaggerated", "Yes a feminine voice is gender exaggerated", "There are no voices"], "voice_type": ["BOTH spoken and sung", "Spoken", "Sung", "There are no voices"], "voice_age": ["Adults (including young adults)", "BOTH children and adults", "Children", "There are no voices"], "target": ["Girls/women", "Mixed", "Boys/men"]}, "which_embeddings": "openl3_env", "drop_non_significant": true}}