{"f1": {"voice_gender": {"mean": 0.651907788633597, "std": 0.04560738460009445}, "voice_exagg": {"mean": 0.6051278916858985, "std": 0.0805844994032485}, "voice_type": {"mean": 0.6671097592291284, "std": 0.062397357858025124}, "voice_age": {"mean": 0.737326214122024, "std": 0.06912169944087498}, "target": {"mean": 0.6157243938490702, "std": 0.054203856105835856}}, "r2": {"Electric/Acoustic": {"mean": 0.36111442603190125, "std": 0.11977715266971548}, "Distorted/Clear": {"mean": 0.4870200606320293, "std": 0.09396186793861087}, "Many/Few Instruments": {"mean": 0.1243655594260819, "std": 0.12598713470300513}, "Loud/Soft": {"mean": 0.5198192410933012, "std": 0.09624636561674081}, "Heavy/Light": {"mean": 0.6390821310861351, "std": 0.06123223140985579}, "High/Low pitch": {"mean": 0.27802162808789427, "std": 0.14216373881366748}, "Punchy/Smooth": {"mean": 0.5098894241622415, "std": 0.07619670303803767}, "Harmonious/Disharmonious": {"mean": 0.35875047763234164, "std": 0.1427470972127904}, "Clear melody/No melody": {"mean": 0.3112522724427984, "std": 0.1697585469135206}, "Complex/Simple rhythm": {"mean": 0.017029608747786515, "std": 0.19673718989100364}, "Dense/Sparse": {"mean": 0.35968814072279337, "std": 0.12114542381899378}, "Strong beat/Weak beat": {"mean": 0.39688401875881607, "std": 0.13657227427263197}, "Happy": {"mean": 0.1982373617207953, "std": 0.1611018755909788}, "Beauty": {"mean": 0.22749453069660838, "std": 0.1181193672188843}, "Calm": {"mean": 0.33230396550130076, "std": 0.11300934691308569}, "Energizing": {"mean": 0.1587613545826421, "std": 0.17811888867822548}, "Angry": {"mean": 0.4487065858887646, "std": 0.1380264040615425}, "Triumphant": {"mean": 0.02858216560684518, "std": 0.1731341428659445}}, "pearson": {"Electric/Acoustic": {"mean": 0.6289732355119347, "std": 0.08560963304426371, "ratio_significant": 1.0}, "Distorted/Clear": {"mean": 0.7270197220848518, "std": 0.053650866005657154, "ratio_significant": 1.0}, "Many/Few Instruments": {"mean": 0.41225572129616567, "std": 0.10333880048179131, "ratio_significant": 0.64}, "Loud/Soft": {"mean": 0.7490790884503201, "std": 0.061194771414392495, "ratio_significant": 1.0}, "Heavy/Light": {"mean": 0.813882370822991, "std": 0.035454325051851567, "ratio_significant": 1.0}, "High/Low pitch": {"mean": 0.6076671614927858, "std": 0.07089782133956611, "ratio_significant": 1.0}, "Punchy/Smooth": {"mean": 0.7383281015392237, "std": 0.04766788066527102, "ratio_significant": 1.0}, "Harmonious/Disharmonious": {"mean": 0.654204346592563, "std": 0.07738172149040932, "ratio_significant": 1.0}, "Clear melody/No melody": {"mean": 0.6286663182767476, "std": 0.08870608725737866, "ratio_significant": 1.0}, "Complex/Simple rhythm": {"mean": 0.36690076190049836, "std": 0.13129810647641119, "ratio_significant": 0.52}, "Dense/Sparse": {"mean": 0.634246328661102, "std": 0.08107326090282539, "ratio_significant": 1.0}, "Strong beat/Weak beat": {"mean": 0.6791200665849358, "std": 0.06139675077716107, "ratio_significant": 1.0}, "Happy": {"mean": 0.5245182034194233, "std": 0.11020372384778102, "ratio_significant": 1.0}, "Beauty": {"mean": 0.5461533016946474, "std": 0.08902867870118877, "ratio_significant": 1.0}, "Calm": {"mean": 0.612366120346744, "std": 0.07568163155082007, "ratio_significant": 1.0}, "Energizing": {"mean": 0.49561289258393587, "std": 0.10450658793851993, "ratio_significant": 0.96}, "Angry": {"mean": 0.6987666394859616, "std": 0.07922048279899531, "ratio_significant": 1.0}, "Triumphant": {"mean": 0.34845510078054187, "std": 0.11742456052068213, "ratio_significant": 0.44}}, "average": {"mid_r2": {"mean": 0.3635764157353434, "std": 0.12354381052488113}, "mid_pears": {"mean": 0.6366952686011766, "std": 0.07480583540891492}, "emo_r2": {"mean": 0.23234766066615933, "std": 0.14691833755477687}, "emo_pears": {"mean": 0.5376453763852089, "std": 0.0960109442263312}}, "config": {"modality": "music", "voice": false, "classifications": {"voice_gender": ["Feminine", "Masculine", "BOTH feminine and masculine voices", "There are no voices"], "voice_exagg": ["No, all voices are normal-sounding", "Yes a masculine voice is gender exaggerated", "Yes a feminine voice is gender exaggerated", "There are no voices"], "voice_type": ["BOTH spoken and sung", "Spoken", "Sung", "There are no voices"], "voice_age": ["Adults (including young adults)", "BOTH children and adults", "Children", "There are no voices"], "target": ["Girls/women", "Mixed", "Boys/men"]}, "which_embeddings": "msd", "drop_non_significant": true}}