{"f1": {"voice_gender": {"mean": 0.7590704921680872, "std": 0.14390510176169446}, "voice_exagg": {"mean": 0.6960147912753852, "std": 0.07635168418730544}, "voice_type": {"mean": 0.7807233673213321, "std": 0.09870162714006878}, "voice_age": {"mean": 0.7923549876947362, "std": 0.07637308777611673}, "target": {"mean": 0.9053349257701647, "std": 0.11259834848834993}}, "r2": {"Electric/Acoustic": {"mean": 0.3228145090321833, "std": 0.1356745312111232}, "Distorted/Clear": {"mean": 0.41951546968834896, "std": 0.15568703610365636}, "Many/Few Instruments": {"mean": 0.08924390505175045, "std": 0.08638115240845107}, "Loud/Soft": {"mean": 0.36606675234722785, "std": 0.12116579226924756}, "Heavy/Light": {"mean": 0.552508317473622, "std": 0.1473745561700367}, "High/Low pitch": {"mean": 0.33041134599495564, "std": 0.2018628705285327}, "Punchy/Smooth": {"mean": 0.3903820919733539, "std": 0.13622280355482455}, "Harmonious/Disharmonious": {"mean": 0.2883581049098971, "std": 0.18352719649542784}, "Clear melody/No melody": {"mean": 0.2467101720203096, "std": 0.1312129419243012}, "Complex/Simple rhythm": {"mean": 0.10094406228265744, "std": 0.1093811850975326}, "Dense/Sparse": {"mean": 0.331754759118586, "std": 0.11306556542975486}, "Strong beat/Weak beat": {"mean": 0.3230010893078129, "std": 0.11725883455260497}, "Happy": {"mean": 0.2884214502510686, "std": 0.20263995068818919}, "Beauty": {"mean": 0.3618927057165184, "std": 0.1294730882435896}, "Calm": {"mean": 0.36869297478155894, "std": 0.13791401181727952}, "Energizing": {"mean": 0.22955667513232214, "std": 0.17403671702755216}, "Angry": {"mean": 0.41326851876466764, "std": 0.18567950824375645}, "Triumphant": {"mean": 0.0946022768636895, "std": 0.16800421765261625}}, "pearson": {"Electric/Acoustic": {"mean": 0.6041433577703381, "std": 0.09972917840875321, "ratio_significant": 1.0}, "Distorted/Clear": {"mean": 0.6982861588902035, "std": 0.08724058881752249, "ratio_significant": 1.0}, "Many/Few Instruments": {"mean": 0.3806792738281795, "std": 0.07990845895441015, "ratio_significant": 0.56}, "Loud/Soft": {"mean": 0.6589562502100706, "std": 0.06212781107308573, "ratio_significant": 1.0}, "Heavy/Light": {"mean": 0.7844815049285587, "std": 0.05178180224236752, "ratio_significant": 1.0}, "High/Low pitch": {"mean": 0.5739645454914984, "std": 0.31898163052803635, "ratio_significant": 1.0}, "Punchy/Smooth": {"mean": 0.6723792165768743, "std": 0.09177384260063869, "ratio_significant": 1.0}, "Harmonious/Disharmonious": {"mean": 0.550588455736791, "std": 0.268881626716164, "ratio_significant": 0.96}, "Clear melody/No melody": {"mean": 0.517189292454043, "std": 0.24420540978259814, "ratio_significant": 0.96}, "Complex/Simple rhythm": {"mean": 0.40968519518174157, "std": 0.10535605041073105, "ratio_significant": 0.64}, "Dense/Sparse": {"mean": 0.6211151082705884, "std": 0.07760107395965736, "ratio_significant": 1.0}, "Strong beat/Weak beat": {"mean": 0.5892199890497581, "std": 0.12145462238755236, "ratio_significant": 0.96}, "Happy": {"mean": 0.605743940418458, "std": 0.1077120893517245, "ratio_significant": 1.0}, "Beauty": {"mean": 0.6416123545260167, "std": 0.07189707168226106, "ratio_significant": 1.0}, "Calm": {"mean": 0.6326888307271344, "std": 0.09009233301640752, "ratio_significant": 1.0}, "Energizing": {"mean": 0.4798856946182395, "std": 0.280927827165025, "ratio_significant": 1.0}, "Angry": {"mean": 0.6073334090505396, "std": 0.3659537567395689, "ratio_significant": 1.0}, "Triumphant": {"mean": 0.36928014596522873, "std": 0.22913989809306357, "ratio_significant": 0.76}}, "average": {"mid_r2": {"mean": 0.3134758816000588, "std": 0.13656787214545776}, "mid_pears": {"mean": 0.5883906956990539, "std": 0.13408684132345974}, "emo_r2": {"mean": 0.29273910025163746, "std": 0.16629124894549718}, "emo_pears": {"mean": 0.5560907292176028, "std": 0.19095382934134175}}, "config": {"modality": "music", "voice": true, "classifications": {"voice_gender": ["Feminine", "Masculine", "BOTH feminine and masculine voices", "There are no voices"], "voice_exagg": ["No, all voices are normal-sounding", "Yes a masculine voice is gender exaggerated", "Yes a feminine voice is gender exaggerated", "There are no voices"], "voice_type": ["BOTH spoken and sung", "Spoken", "Sung", "There are no voices"], "voice_age": ["Adults (including young adults)", "BOTH children and adults", "Children", "There are no voices"], "target": ["Girls/women", "Boys/men"]}, "which_embeddings": "openl3_music", "drop_non_significant": true}}