{"f1": {"voice_gender": {"mean": 0.7326302935051011, "std": 0.04915582006133284}, "voice_exagg": {"mean": 0.6571926286621094, "std": 0.055886053523921654}, "voice_type": {"mean": 0.7156071517956932, "std": 0.06241398940545294}, "voice_age": {"mean": 0.7770470906178291, "std": 0.05366992880764585}, "target": {"mean": 0.5946057652965525, "std": 0.05736910498966874}}, "r2": {"Electric/Acoustic": {"mean": 0.3101248860822997, "std": 0.08610627678409583}, "Distorted/Clear": {"mean": 0.4623595159632174, "std": 0.10394354328103167}, "Many/Few Instruments": {"mean": 0.1837770176827159, "std": 0.12274309867396284}, "Loud/Soft": {"mean": 0.5774849355756395, "std": 0.09123653163663055}, "Heavy/Light": {"mean": 0.6759947401705331, "std": 0.06044216537411123}, "High/Low pitch": {"mean": 0.3781852668559081, "std": 0.16310186601257592}, "Punchy/Smooth": {"mean": 0.5184416230075146, "std": 0.10206433901751218}, "Harmonious/Disharmonious": {"mean": 0.4011571029320048, "std": 0.08512926737790372}, "Clear melody/No melody": {"mean": 0.3782866752268359, "std": 0.11623379260874156}, "Complex/Simple rhythm": {"mean": 0.15082233269882594, "std": 0.12209443469057331}, "Dense/Sparse": {"mean": 0.4924267089106887, "std": 0.07147775763318849}, "Strong beat/Weak beat": {"mean": 0.46721554494875134, "std": 0.10716761625879036}, "Happy": {"mean": 0.29334889465278124, "std": 0.11600357193430215}, "Beauty": {"mean": 0.2823867187518281, "std": 0.13509647403271083}, "Calm": {"mean": 0.35592984830450775, "std": 0.11318660586575784}, "Energizing": {"mean": 0.2953967266246663, "std": 0.12512329217230694}, "Angry": {"mean": 0.4362570027656388, "std": 0.1112414669760222}, "Triumphant": {"mean": 0.16555618121794513, "std": 0.09963009394246151}}, "pearson": {"Electric/Acoustic": {"mean": 0.5759643601144327, "std": 0.07701660723616116, "ratio_significant": 1.0}, "Distorted/Clear": {"mean": 0.7128466620518071, "std": 0.0630240200900444, "ratio_significant": 1.0}, "Many/Few Instruments": {"mean": 0.4640329873546347, "std": 0.12027984287842797, "ratio_significant": 0.88}, "Loud/Soft": {"mean": 0.7794943641831245, "std": 0.05327816781728454, "ratio_significant": 1.0}, "Heavy/Light": {"mean": 0.8352885799235338, "std": 0.036417512320619946, "ratio_significant": 1.0}, "High/Low pitch": {"mean": 0.6745978118112097, "std": 0.07799319392704351, "ratio_significant": 1.0}, "Punchy/Smooth": {"mean": 0.7497955945171181, "std": 0.05496819659078328, "ratio_significant": 1.0}, "Harmonious/Disharmonious": {"mean": 0.6518134597592524, "std": 0.06262417506966823, "ratio_significant": 1.0}, "Clear melody/No melody": {"mean": 0.6378592884753764, "std": 0.0834695395869715, "ratio_significant": 1.0}, "Complex/Simple rhythm": {"mean": 0.4520822985873664, "std": 0.10832860124205863, "ratio_significant": 0.84}, "Dense/Sparse": {"mean": 0.7225725583975057, "std": 0.049235927106335405, "ratio_significant": 1.0}, "Strong beat/Weak beat": {"mean": 0.7094553129218439, "std": 0.06950048999175426, "ratio_significant": 1.0}, "Happy": {"mean": 0.5827877377265341, "std": 0.08229681656580123, "ratio_significant": 1.0}, "Beauty": {"mean": 0.58259811019377, "std": 0.09464623012222638, "ratio_significant": 1.0}, "Calm": {"mean": 0.6310943713134821, "std": 0.08580431674104386, "ratio_significant": 1.0}, "Energizing": {"mean": 0.5938369855326093, "std": 0.054493879984838865, "ratio_significant": 1.0}, "Angry": {"mean": 0.6989224336028538, "std": 0.0645558010918885, "ratio_significant": 1.0}, "Triumphant": {"mean": 0.4479674600023417, "std": 0.09615323016925015, "ratio_significant": 0.92}}, "average": {"mid_r2": {"mean": 0.4163563625045779, "std": 0.1026450574457598}, "mid_pears": {"mean": 0.6638169398414339, "std": 0.07134468948809607}, "emo_r2": {"mean": 0.3048125620528945, "std": 0.11671358415392691}, "emo_pears": {"mean": 0.589534516395265, "std": 0.07965837911250817}}, "config": {"modality": "music", "voice": false, "classifications": {"voice_gender": ["Feminine", "Masculine", "BOTH feminine and masculine voices", "There are no voices"], "voice_exagg": ["No, all voices are normal-sounding", "Yes a masculine voice is gender exaggerated", "Yes a feminine voice is gender exaggerated", "There are no voices"], "voice_type": ["BOTH spoken and sung", "Spoken", "Sung", "There are no voices"], "voice_age": ["Adults (including young adults)", "BOTH children and adults", "Children", "There are no voices"], "target": ["Girls/women", "Mixed", "Boys/men"]}, "which_embeddings": "openl3_env", "drop_non_significant": true}}